Date,Open,High,Low,Close,Adj Close,Volume
2021-01-04,58.58000183105469,59.189998626708984,57.810001373291016,59.029998779296875,51.93534469604492,4513500
2021-01-05,58.959999084472656,59.650001525878906,58.54999923706055,59.09000015258789,51.9881477355957,2739000
2021-01-06,58.97999954223633,59.58000183105469,58.81999969482422,58.939998626708984,51.85616683959961,3630200
2021-01-07,58.5,58.81999969482422,57.939998626708984,57.95000076293945,51.43017578125,3395700
2021-01-08,58.0,58.09000015258789,56.220001220703125,56.400001525878906,50.05455780029297,6715100
2021-01-11,56.380001068115234,56.66999816894531,55.400001525878906,55.56999969482422,49.31793975830078,5552000
2021-01-12,55.45000076293945,55.5099983215332,53.959999084472656,54.369998931884766,48.25294876098633,10158700
2021-01-13,54.560001373291016,55.790000915527344,54.13999938964844,55.38999938964844,49.15818786621094,8174900
2021-01-14,55.41999816894531,55.7599983215332,54.47999954223633,55.75,49.477684020996094,6436300
2021-01-15,55.720001220703125,56.66999816894531,55.150001525878906,56.2400016784668,49.91255569458008,8579300
2021-01-19,56.619998931884766,56.630001068115234,55.630001068115234,55.66999816894531,49.40668487548828,3898300
2021-01-20,55.619998931884766,55.68000030517578,54.52000045776367,55.34000015258789,49.11381149291992,4428400
2021-01-21,55.279998779296875,55.529998779296875,54.90999984741211,55.290000915527344,49.069435119628906,3058600
2021-01-22,55.18000030517578,56.09000015258789,54.7599983215332,55.970001220703125,49.672935485839844,4745400
2021-01-25,55.91999816894531,58.290000915527344,55.88999938964844,57.900001525878906,51.385799407958984,6958800
2021-01-26,57.86000061035156,59.220001220703125,57.400001525878906,59.130001068115234,52.47740936279297,6024900
2021-01-27,59.099998474121094,61.459999084472656,59.0099983215332,60.400001525878906,53.604530334472656,7344900
2021-01-28,60.349998474121094,61.20000076293945,58.56999969482422,59.36000061035156,52.68153762817383,7919100
2021-01-29,59.25,60.189998626708984,57.97999954223633,58.099998474121094,51.56329345703125,7118900
2021-02-01,58.119998931884766,58.4900016784668,57.04999923706055,57.54999923706055,51.075172424316406,5139500
2021-02-02,57.900001525878906,58.349998474121094,57.08000183105469,57.619998931884766,51.137290954589844,3811000
2021-02-03,57.459999084472656,57.70000076293945,56.41999816894531,56.81999969482422,50.427303314208984,3793400
2021-02-04,56.75,57.529998779296875,56.279998779296875,56.900001525878906,50.4983024597168,3195000
2021-02-05,56.97999954223633,57.65999984741211,56.65999984741211,57.400001525878906,50.942047119140625,3166900
2021-02-08,57.5,57.779998779296875,57.20000076293945,57.70000076293945,51.20830154418945,2990500
2021-02-09,57.939998626708984,58.099998474121094,57.349998474121094,57.66999816894531,51.18167495727539,1744100
2021-02-10,58.0099983215332,58.18000030517578,57.45000076293945,58.09000015258789,51.554420471191406,2704900
2021-02-11,58.150001525878906,58.16999816894531,56.70000076293945,56.90999984741211,50.507171630859375,2893100
2021-02-12,56.81999969482422,57.150001525878906,56.380001068115234,57.119998931884766,50.69355010986328,3422700
2021-02-16,56.790000915527344,56.900001525878906,55.869998931884766,56.290000915527344,49.95693588256836,4162300
2021-02-17,56.040000915527344,56.86000061035156,55.869998931884766,56.810001373291016,50.41843032836914,3022700
2021-02-18,56.779998779296875,58.400001525878906,56.63999938964844,58.02000045776367,51.49229049682617,3027600
2021-02-19,58.02000045776367,58.130001068115234,56.47999954223633,56.5,50.143306732177734,3381600
2021-02-22,56.529998779296875,56.619998931884766,55.56999969482422,56.16999816894531,49.850425720214844,3878900
2021-02-23,56.310001373291016,57.060001373291016,55.95000076293945,56.81999969482422,50.427303314208984,3249700
2021-02-24,56.790000915527344,56.90999984741211,56.15999984741211,56.20000076293945,49.87705612182617,3648400
2021-02-25,56.279998779296875,56.84000015258789,55.58000183105469,55.84000015258789,49.55756759643555,3846800
2021-02-26,55.93000030517578,56.130001068115234,54.869998931884766,55.0099983215332,48.82093811035156,5642500
2021-03-01,55.13999938964844,55.52000045776367,54.630001068115234,54.7400016784668,48.581321716308594,5634800
2021-03-02,54.880001068115234,55.310001373291016,54.310001373291016,55.06999969482422,48.87419128417969,4198600
2021-03-03,54.869998931884766,55.33000183105469,54.61000061035156,54.88999938964844,48.71444320678711,3459500
2021-03-04,54.9900016784668,56.31999969482422,54.900001525878906,55.290000915527344,49.069435119628906,5633900
2021-03-05,55.56999969482422,57.060001373291016,55.279998779296875,56.779998779296875,50.39179992675781,6444300
2021-03-08,57.0099983215332,58.29999923706055,56.59000015258789,57.7599983215332,51.26154327392578,3993600
2021-03-09,57.68000030517578,58.40999984741211,57.27000045776367,57.400001525878906,50.942047119140625,3634800
2021-03-10,57.56999969482422,59.2599983215332,56.90999984741211,58.560001373291016,51.97153854370117,6827700
2021-03-11,58.310001373291016,58.880001068115234,58.119998931884766,58.130001068115234,51.58992004394531,4993000
2021-03-12,58.09000015258789,58.83000183105469,57.97999954223633,58.75,52.140159606933594,4302300
2021-03-15,59.15999984741211,59.2599983215332,58.59000015258789,59.02000045776367,52.379783630371094,4426300
2021-03-16,59.0,59.720001220703125,58.849998474121094,59.380001068115234,52.699283599853516,3880900
2021-03-17,59.540000915527344,59.880001068115234,59.15999984741211,59.38999938964844,52.70815658569336,3536800
2021-03-18,59.18000030517578,60.20000076293945,59.18000030517578,59.900001525878906,53.16078186035156,4229700
2021-03-19,59.849998474121094,60.43000030517578,59.630001068115234,60.06999969482422,53.3116569519043,8212200
2021-03-22,59.91999816894531,61.630001068115234,59.560001373291016,61.45000076293945,54.53639602661133,6493600
2021-03-23,61.70000076293945,62.02000045776367,61.0,61.189998626708984,54.30564880371094,5231700
2021-03-24,58.52000045776367,59.47999954223633,57.810001373291016,58.619998931884766,52.0247917175293,10643100
2021-03-25,58.47999954223633,60.27000045776367,58.150001525878906,59.529998779296875,52.8324089050293,6369200
2021-03-26,59.59000015258789,61.150001525878906,58.72999954223633,60.970001220703125,54.11040115356445,5314600
2021-03-29,61.06999969482422,62.599998474121094,61.0,62.4900016784668,55.45938491821289,6452900
2021-03-30,62.65999984741211,62.70000076293945,61.66999816894531,61.790000915527344,54.838134765625,4835700
2021-03-31,61.52000045776367,62.2400016784668,61.15999984741211,61.31999969482422,54.42101287841797,5734500
2021-04-01,61.209999084472656,61.47999954223633,60.18000030517578,60.91999816894531,54.06602478027344,7171200
2021-04-05,61.06999969482422,62.0099983215332,61.0099983215332,61.529998779296875,54.607383728027344,4473200
2021-04-06,61.36000061035156,62.060001373291016,61.130001068115234,61.7400016784668,54.79376983642578,4969600
2021-04-07,61.86000061035156,62.099998474121094,61.16999816894531,61.38999938964844,54.48313522338867,3846300
2021-04-08,60.9900016784668,61.27000045776367,60.7400016784668,60.95000076293945,54.54578399658203,3236700
2021-04-09,61.0,61.20000076293945,59.63999938964844,60.130001068115234,53.81195068359375,3895700
2021-04-12,60.2599983215332,61.04999923706055,60.25,60.970001220703125,54.563682556152344,3445700
2021-04-13,60.91999816894531,61.459999084472656,60.68000030517578,60.68000030517578,54.304161071777344,3403000
2021-04-14,60.72999954223633,60.81999969482422,60.029998779296875,60.61000061035156,54.241512298583984,3329900
2021-04-15,60.77000045776367,61.209999084472656,60.4900016784668,60.54999923706055,54.18781280517578,4159100
2021-04-16,60.83000183105469,61.33000183105469,60.529998779296875,61.29999923706055,54.859004974365234,9941800
2021-04-19,61.15999984741211,61.540000915527344,60.619998931884766,61.29999923706055,54.859004974365234,4160100
2021-04-20,61.25,62.86000061035156,61.130001068115234,62.29999923706055,55.753936767578125,5510900
2021-04-21,62.58000183105469,63.16999816894531,62.36000061035156,62.7599983215332,56.16559600830078,5046200
2021-04-22,62.650001525878906,62.75,62.0,62.029998779296875,55.51230239868164,3676400
2021-04-23,61.86000061035156,62.11000061035156,61.119998931884766,61.2599983215332,54.823211669921875,3117000
2021-04-26,61.349998474121094,61.41999816894531,60.439998626708984,60.540000915527344,54.178871154785156,4074200
2021-04-27,60.41999816894531,60.75,60.13999938964844,60.540000915527344,54.178871154785156,3804100
2021-04-28,60.900001525878906,61.34000015258789,60.529998779296875,60.79999923706055,54.41154098510742,2747700
2021-04-29,60.869998931884766,61.65999984741211,60.79999923706055,61.43000030517578,54.9753532409668,3489000
2021-04-30,61.52000045776367,61.619998931884766,60.619998931884766,60.86000061035156,54.46524429321289,4829000
2021-05-03,60.86000061035156,62.029998779296875,60.86000061035156,61.599998474121094,55.12748718261719,3128400
2021-05-04,61.81999969482422,62.2599983215332,61.33000183105469,61.79999923706055,55.30647659301758,3528500
2021-05-05,61.65999984741211,61.90999984741211,60.9900016784668,61.83000183105469,55.33332443237305,2877100
2021-05-06,62.5,64.23999786376953,62.38999938964844,63.63999938964844,56.95314025878906,7476900
2021-05-07,63.349998474121094,63.68000030517578,62.400001525878906,63.04999923706055,56.425132751464844,3574900
2021-05-10,63.18000030517578,64.13999938964844,63.15999984741211,63.83000183105469,57.1231803894043,2431600
2021-05-11,64.05999755859375,64.30000305175781,62.81999969482422,63.11000061035156,56.478824615478516,3651800
2021-05-12,63.189998626708984,63.63999938964844,62.75,62.959999084472656,56.34458541870117,3365600
2021-05-13,62.689998626708984,64.6500015258789,62.439998626708984,63.97999954223633,57.25741195678711,5330900
2021-05-14,64.12999725341797,64.6500015258789,63.369998931884766,63.400001525878906,56.73835754394531,3233300
2021-05-17,63.099998474121094,63.61000061035156,62.540000915527344,62.790000915527344,56.19245147705078,4006400
2021-05-18,62.70000076293945,63.16999816894531,62.33000183105469,62.93000030517578,56.31774139404297,3116100
2021-05-19,62.7400016784668,63.040000915527344,62.16999816894531,62.599998474121094,56.02241134643555,2743100
2021-05-20,62.70000076293945,63.380001068115234,62.38999938964844,62.900001525878906,56.290897369384766,3202100
2021-05-21,63.060001373291016,63.880001068115234,62.95000076293945,63.130001068115234,56.49672317504883,2701000
2021-05-24,63.279998779296875,63.63999938964844,63.040000915527344,63.04999923706055,56.425132751464844,1816300
2021-05-25,63.04999923706055,63.20000076293945,62.31999969482422,62.849998474121094,56.24614715576172,2596100
2021-05-26,62.84000015258789,63.099998474121094,62.63999938964844,62.83000183105469,56.22824478149414,2876800
2021-05-27,62.84000015258789,63.40999984741211,62.20000076293945,62.279998779296875,55.73603820800781,3535400
2021-05-28,62.45000076293945,63.2599983215332,62.41999816894531,62.86000061035156,56.25510025024414,2934400
2021-06-01,63.15999984741211,63.400001525878906,62.470001220703125,62.65999984741211,56.076107025146484,3239600
2021-06-02,62.79999923706055,63.869998931884766,62.56999969482422,63.4900016784668,56.81890106201172,5019700
2021-06-03,63.439998626708984,63.93000030517578,63.119998931884766,63.79999923706055,57.096317291259766,4176900
2021-06-04,63.79999923706055,64.4000015258789,63.709999084472656,64.02999877929688,57.30215835571289,4104500
2021-06-07,64.12999725341797,64.18000030517578,63.33000183105469,63.720001220703125,57.02473068237305,3493200
2021-06-08,63.810001373291016,63.880001068115234,63.02000045776367,63.189998626708984,56.5504264831543,2263100
2021-06-09,61.779998779296875,63.060001373291016,61.61000061035156,62.119998931884766,55.59284591674805,6910800
2021-06-10,62.13999938964844,63.0,61.970001220703125,62.56999969482422,55.995567321777344,2880700
2021-06-11,62.68000030517578,62.810001373291016,62.060001373291016,62.52000045776367,55.95082473754883,2602300
2021-06-14,62.400001525878906,62.70000076293945,61.95000076293945,62.650001525878906,56.067161560058594,2020300
2021-06-15,62.75,62.849998474121094,62.06999969482422,62.13999938964844,55.610740661621094,5381400
2021-06-16,62.369998931884766,62.38999938964844,61.11000061035156,61.150001525878906,54.724769592285156,3842600
2021-06-17,61.040000915527344,61.349998474121094,60.40999984741211,61.099998474121094,54.680023193359375,3149200
2021-06-18,60.7599983215332,60.959999084472656,59.7599983215332,59.7599983215332,53.480812072753906,5416900
2021-06-21,60.150001525878906,60.439998626708984,59.779998779296875,60.13999938964844,53.820892333984375,2926400
2021-06-22,60.209999084472656,60.47999954223633,60.0099983215332,60.209999084472656,53.88353729248047,3433000
2021-06-23,60.06999969482422,60.130001068115234,59.20000076293945,59.209999084472656,52.98861312866211,3058900
2021-06-24,59.06999969482422,59.31999969482422,58.83000183105469,59.150001525878906,52.93492126464844,3121400
2021-06-25,59.029998779296875,59.66999816894531,58.959999084472656,59.630001068115234,53.3644905090332,3047400
2021-06-28,59.75,60.70000076293945,59.720001220703125,60.54999923706055,54.18781280517578,4843300
2021-06-29,60.59000015258789,60.88999938964844,59.77000045776367,60.029998779296875,53.72245407104492,3715400
2021-06-30,59.95000076293945,61.66999816894531,59.90999984741211,60.93000030517578,54.52788543701172,7163600
2021-07-01,60.95000076293945,61.0,60.11000061035156,60.220001220703125,53.892494201660156,3446700
2021-07-02,60.52000045776367,60.650001525878906,60.11000061035156,60.220001220703125,53.892494201660156,3086200
2021-07-06,60.119998931884766,60.38999938964844,59.61000061035156,59.84000015258789,53.55241394042969,4172500
2021-07-07,59.79999923706055,60.7599983215332,59.70000076293945,60.38999938964844,54.04462432861328,3793600
2021-07-08,59.849998474121094,60.689998626708984,59.459999084472656,59.65999984741211,53.846065521240234,2755200
2021-07-09,59.63999938964844,60.09000015258789,59.5,59.70000076293945,53.88216781616211,3037300
2021-07-12,59.65999984741211,59.72999954223633,58.970001220703125,59.27000045776367,53.49407196044922,2775700
2021-07-13,59.20000076293945,59.75,58.97999954223633,59.130001068115234,53.367713928222656,3538500
2021-07-14,58.849998474121094,59.41999816894531,58.540000915527344,59.27000045776367,53.49407196044922,3681700
2021-07-15,59.279998779296875,59.849998474121094,58.959999084472656,59.779998779296875,53.954368591308594,2448700
2021-07-16,59.869998931884766,60.13999938964844,59.7599983215332,60.04999923706055,54.19806671142578,3324200
2021-07-19,60.0099983215332,60.83000183105469,59.529998779296875,60.72999954223633,54.81179428100586,4381400
2021-07-20,60.9900016784668,61.58000183105469,59.880001068115234,59.91999816894531,54.08073043823242,4422300
2021-07-21,59.86000061035156,59.959999084472656,58.91999816894531,58.9900016784668,53.241363525390625,4272600
2021-07-22,58.779998779296875,59.040000915527344,58.43000030517578,58.79999923706055,53.06987380981445,1934000
2021-07-23,58.83000183105469,59.61000061035156,58.560001373291016,59.400001525878906,53.61140441894531,2466400
2021-07-26,59.34000015258789,59.63999938964844,59.209999084472656,59.31999969482422,53.53920364379883,2171700
2021-07-27,59.36000061035156,60.040000915527344,59.130001068115234,59.54999923706055,53.746788024902344,2337600
2021-07-28,59.22999954223633,59.4900016784668,58.65999984741211,58.81999969482422,53.08791732788086,2844500
2021-07-29,59.0099983215332,59.310001373291016,58.720001220703125,58.90999984741211,53.16915512084961,2308000
2021-07-30,59.099998474121094,59.349998474121094,58.77000045776367,58.86000061035156,53.124027252197266,3325600
2021-08-02,58.84000015258789,59.43000030517578,58.709999084472656,59.369998931884766,53.584320068359375,3720500
2021-08-03,59.369998931884766,59.959999084472656,59.130001068115234,59.38999938964844,53.60238265991211,2623900
2021-08-04,59.29999923706055,59.29999923706055,57.59000015258789,57.630001068115234,52.01388931274414,4681100
2021-08-05,57.56999969482422,57.93000030517578,57.45000076293945,57.58000183105469,51.9687614440918,2899500
2021-08-06,57.599998474121094,58.45000076293945,57.599998474121094,57.869998931884766,52.230506896972656,3114100
2021-08-09,58.04999923706055,58.40999984741211,57.93000030517578,58.349998474121094,52.663726806640625,1958600
2021-08-10,58.22999954223633,58.560001373291016,58.040000915527344,58.4900016784668,52.79009246826172,2677300
2021-08-11,58.65999984741211,59.36000061035156,58.58000183105469,59.04999923706055,53.29551315307617,2435700
2021-08-12,58.970001220703125,59.34000015258789,58.880001068115234,58.95000076293945,53.20525360107422,2047500
2021-08-13,59.20000076293945,59.939998626708984,59.040000915527344,59.84000015258789,54.00852584838867,2206200
2021-08-16,59.91999816894531,60.33000183105469,59.810001373291016,60.130001068115234,54.27027130126953,2468400
2021-08-17,60.189998626708984,61.0099983215332,60.0099983215332,60.86000061035156,54.92912292480469,2880200
2021-08-18,60.68000030517578,60.72999954223633,59.22999954223633,59.279998779296875,53.50309753417969,3578300
2021-08-19,59.29999923706055,60.25,59.290000915527344,60.130001068115234,54.27027130126953,2620400
2021-08-20,60.33000183105469,60.84000015258789,59.900001525878906,60.29999923706055,54.42369842529297,3151700
2021-08-23,60.16999816894531,60.20000076293945,59.54999923706055,59.599998474121094,53.791908264160156,2275900
2021-08-24,59.5099983215332,59.5099983215332,58.310001373291016,58.41999816894531,52.726905822753906,3016800
2021-08-25,58.22999954223633,58.38999938964844,57.9900016784668,58.15999984741211,52.49224090576172,2539200
2021-08-26,58.0099983215332,58.029998779296875,57.040000915527344,57.29999923706055,51.7160530090332,4820200
2021-08-27,57.209999084472656,57.81999969482422,56.95000076293945,57.72999954223633,52.10415267944336,2878100
2021-08-30,57.58000183105469,58.0,57.43000030517578,57.58000183105469,51.9687614440918,2605300
2021-08-31,57.63999938964844,57.83000183105469,57.31999969482422,57.810001373291016,52.17634582519531,6098400
2021-09-01,57.91999816894531,58.0099983215332,57.310001373291016,57.70000076293945,52.07706832885742,2444700
2021-09-02,57.709999084472656,58.380001068115234,57.709999084472656,57.91999816894531,52.2756233215332,2579400
2021-09-03,57.959999084472656,58.11000061035156,57.540000915527344,57.77000045776367,52.1402473449707,2270900
2021-09-07,57.58000183105469,57.7400016784668,56.66999816894531,56.790000915527344,51.25575637817383,3925200
2021-09-08,58.0,59.7400016784668,57.93000030517578,59.380001068115234,53.593353271484375,9179900
2021-09-09,59.0099983215332,59.4900016784668,58.439998626708984,58.45000076293945,52.75397872924805,5723500
2021-09-10,58.290000915527344,58.79999923706055,57.83000183105469,58.43000030517578,52.735923767089844,3640700
2021-09-13,58.150001525878906,58.79999923706055,57.81999969482422,58.630001068115234,52.91644287109375,6841400
2021-09-14,58.79999923706055,59.22999954223633,58.599998474121094,58.77000045776367,53.042789459228516,7179200
2021-09-15,58.720001220703125,59.2400016784668,58.61000061035156,58.720001220703125,52.997676849365234,2506100
2021-09-16,58.75,59.2599983215332,58.25,58.720001220703125,52.997676849365234,2533200
2021-09-17,58.5099983215332,59.189998626708984,58.29999923706055,58.91999816894531,53.17817306518555,6750500
2021-09-20,58.720001220703125,59.209999084472656,58.47999954223633,58.75,53.02474594116211,3643200
2021-09-21,58.13999938964844,58.47999954223633,57.470001220703125,58.0099983215332,52.35686492919922,7307700
2021-09-22,59.790000915527344,60.709999084472656,58.70000076293945,59.91999816894531,54.08073043823242,5660300
2021-09-23,60.18000030517578,60.63999938964844,59.650001525878906,60.279998779296875,54.4056396484375,5039800
2021-09-24,60.31999969482422,60.72999954223633,60.220001220703125,60.540000915527344,54.64030838012695,3154500
2021-09-27,60.56999969482422,60.91999816894531,59.529998779296875,59.650001525878906,53.837039947509766,4018900
2021-09-28,59.810001373291016,59.959999084472656,58.849998474121094,59.33000183105469,53.54823303222656,3270100
2021-09-29,59.13999938964844,61.25,59.13999938964844,60.77000045776367,54.84789276123047,4632100
2021-09-30,60.869998931884766,61.15999984741211,59.81999969482422,59.81999969482422,53.9904670715332,4064500
2021-10-01,60.810001373291016,60.880001068115234,59.900001525878906,60.619998931884766,54.71250534057617,4769200
2021-10-04,60.59000015258789,61.58000183105469,60.5,61.45000076293945,55.461631774902344,4943700
2021-10-05,61.43000030517578,61.77000045776367,61.08000183105469,61.540000915527344,55.5428581237793,4137000
2021-10-06,61.5099983215332,62.189998626708984,61.09000015258789,62.130001068115234,56.07535934448242,3099900
2021-10-07,61.70000076293945,61.77000045776367,61.13999938964844,61.31999969482422,55.80235290527344,3872200
2021-10-08,61.36000061035156,62.0099983215332,61.08000183105469,61.459999084472656,55.929752349853516,2559900
2021-10-11,61.4900016784668,62.099998474121094,61.33000183105469,61.689998626708984,56.139060974121094,2879800
2021-10-12,61.84000015258789,62.77000045776367,61.63999938964844,62.13999938964844,56.54856872558594,4557300
2021-10-13,62.0099983215332,62.349998474121094,61.15999984741211,61.86000061035156,56.29376983642578,3198600
2021-10-14,62.02000045776367,62.47999954223633,61.880001068115234,62.36000061035156,56.74876403808594,2608500
2021-10-15,62.47999954223633,62.619998931884766,61.900001525878906,62.15999984741211,56.5667724609375,6426100
2021-10-18,62.08000183105469,62.22999954223633,61.5,61.52000045776367,55.98435974121094,3164200
2021-10-19,61.47999954223633,61.79999923706055,61.2599983215332,61.689998626708984,56.139060974121094,1945300
2021-10-20,61.779998779296875,62.900001525878906,61.779998779296875,62.709999084472656,57.06727981567383,2645900
2021-10-21,62.84000015258789,62.900001525878906,62.15999984741211,62.4900016784668,56.86707305908203,2267700
2021-10-22,62.5,63.06999969482422,62.45000076293945,62.68000030517578,57.03997802734375,2028900
2021-10-25,62.52000045776367,62.560001373291016,61.70000076293945,61.88999938964844,56.3210563659668,3888400
2021-10-26,61.970001220703125,62.31999969482422,61.88999938964844,62.09000015258789,56.5030632019043,2600000
2021-10-27,62.369998931884766,62.65999984741211,61.20000076293945,61.29999923706055,55.78415298461914,2593100
2021-10-28,61.5099983215332,62.150001525878906,61.40999984741211,62.040000915527344,56.45757293701172,2473300
2021-10-29,61.90999984741211,62.470001220703125,61.7599983215332,61.79999923706055,56.239158630371094,2470400
2021-11-01,61.81999969482422,62.38999938964844,61.81999969482422,62.290000915527344,56.68506622314453,1964300
2021-11-02,62.459999084472656,62.79999923706055,62.11000061035156,62.630001068115234,56.99448013305664,2147000
2021-11-03,62.689998626708984,63.2599983215332,62.61000061035156,63.13999938964844,57.45858383178711,2196400
2021-11-04,63.0,63.400001525878906,62.38999938964844,62.709999084472656,57.06727981567383,2627400
2021-11-05,62.79999923706055,62.91999816894531,62.40999984741211,62.650001525878906,57.01267623901367,2048400
2021-11-08,62.65999984741211,62.79999923706055,62.02000045776367,62.63999938964844,57.00358200073242,1911700
2021-11-09,62.88999938964844,63.2599983215332,62.529998779296875,63.16999816894531,57.48588943481445,1780800
2021-11-10,63.38999938964844,63.95000076293945,63.0099983215332,63.529998779296875,57.81349563598633,2447300
2021-11-11,63.2599983215332,63.95000076293945,62.720001220703125,62.900001525878906,57.24018859863281,2726800
2021-11-12,63.04999923706055,63.529998779296875,62.63999938964844,63.2400016784668,57.54959487915039,2903900
2021-11-15,63.22999954223633,63.83000183105469,63.0,63.70000076293945,57.968196868896484,1751100
2021-11-16,63.779998779296875,63.779998779296875,63.22999954223633,63.2599983215332,57.56779479980469,2020100
2021-11-17,63.18000030517578,63.310001373291016,62.900001525878906,63.119998931884766,57.440391540527344,1925400
2021-11-18,62.88999938964844,63.29999923706055,62.619998931884766,62.900001525878906,57.24018859863281,1844100
2021-11-19,63.209999084472656,63.7400016784668,62.0099983215332,62.040000915527344,56.45757293701172,2656800
2021-11-22,62.0,63.43000030517578,61.880001068115234,62.880001068115234,57.221981048583984,1936600
2021-11-23,62.9900016784668,63.689998626708984,62.93000030517578,63.439998626708984,57.73159408569336,2026000
2021-11-24,63.5099983215332,63.68000030517578,62.88999938964844,63.29999923706055,57.60418701171875,1484500
2021-11-26,63.2400016784668,64.08999633789062,62.61000061035156,62.7599983215332,57.112770080566406,1704100
2021-11-29,62.91999816894531,63.54999923706055,62.36000061035156,63.52000045776367,57.80439376831055,3536300
2021-11-30,63.22999954223633,63.34000015258789,61.689998626708984,61.77000045776367,56.21186828613281,9085800
2021-12-01,61.959999084472656,62.560001373291016,61.40999984741211,61.43000030517578,55.9024543762207,3386500
2021-12-02,61.88999938964844,63.11000061035156,61.810001373291016,62.86000061035156,57.20378494262695,4692100
2021-12-03,63.189998626708984,64.23999786376953,63.09000015258789,64.2300033569336,58.45051574707031,4066800
2021-12-06,64.36000061035156,65.05999755859375,64.27999877929688,64.44000244140625,58.6416130065918,3516300
2021-12-07,64.23999786376953,65.0199966430664,63.84000015258789,64.56999969482422,58.75991439819336,2863800
2021-12-08,64.55999755859375,65.02999877929688,63.4900016784668,64.20999908447266,58.43230438232422,2484500
2021-12-09,64.23999786376953,64.36000061035156,63.68000030517578,63.970001220703125,58.21390151977539,2685700
2021-12-10,64.36000061035156,64.9000015258789,64.12999725341797,64.76000213623047,58.93281173706055,2784300
2021-12-13,64.69999694824219,66.16999816894531,64.26000213623047,65.93000030517578,59.99754333496094,4602000
2021-12-14,65.98999786376953,66.27999877929688,65.62000274658203,65.91000366210938,59.979339599609375,4487700
2021-12-15,66.08999633789062,67.38999938964844,66.04000091552734,67.33999633789062,61.280670166015625,4700700
2021-12-16,67.13999938964844,68.87999725341797,66.75,68.86000061035156,62.66388702392578,4705300
2021-12-17,68.79000091552734,69.68000030517578,67.62999725341797,67.6500015258789,61.562767028808594,6564800
2021-12-20,67.12000274658203,68.01000213623047,67.02999877929688,67.79000091552734,61.690181732177734,3891400
2021-12-21,64.5,65.58000183105469,63.900001525878906,65.05999755859375,59.2058219909668,6915200
2021-12-22,65.08999633789062,65.72000122070312,64.58000183105469,65.69999694824219,59.78823471069336,3885300
2021-12-23,66.0,66.22000122070312,65.83000183105469,65.98999786376953,60.0521354675293,2332100
2021-12-27,66.16000366210938,66.37000274658203,65.7300033569336,66.05999755859375,60.115840911865234,2503100
2021-12-28,66.04000091552734,66.91999816894531,66.04000091552734,66.88999938964844,60.87116622924805,1929100
2021-12-29,67.08000183105469,67.2699966430664,66.70999908447266,67.0199966430664,60.98945617675781,1871400
2021-12-30,67.19000244140625,67.37000274658203,66.68000030517578,67.05000305175781,61.01676940917969,1822900
2021-12-31,67.01000213623047,67.52999877929688,66.80000305175781,67.37999725341797,61.31705856323242,2017300
2022-01-03,67.19999694824219,67.30999755859375,65.88999938964844,67.26000213623047,61.20787048339844,4013300
2022-01-04,67.2699966430664,68.66000366210938,67.25,67.88999938964844,61.78117370605469,4659000
2022-01-05,68.13999938964844,69.36000061035156,68.0999984741211,68.80000305175781,62.609310150146484,5202500
2022-01-06,68.94999694824219,69.66000366210938,68.36000061035156,68.48999786376953,62.327186584472656,4417200
2022-01-07,68.08999633789062,69.33999633789062,67.69999694824219,68.56999969482422,62.86812973022461,4973100
2022-01-10,68.58999633789062,69.38999938964844,68.5199966430664,68.7699966430664,63.0515022277832,4442100
2022-01-11,68.95999908447266,69.08000183105469,67.4000015258789,68.52999877929688,62.83144760131836,2891700
2022-01-12,68.26000213623047,68.45999908447266,67.76000213623047,68.33000183105469,62.648094177246094,2919200
2022-01-13,68.37000274658203,69.33999633789062,68.06999969482422,68.9000015258789,63.17070007324219,3010100
2022-01-14,68.94000244140625,69.94999694824219,68.79000091552734,69.9000015258789,64.08753204345703,3466600
2022-01-18,69.41999816894531,69.68000030517578,68.51000213623047,69.26000213623047,63.50075912475586,3332500
2022-01-19,69.16000366210938,69.83000183105469,68.77999877929688,69.1500015258789,63.39989471435547,2611700
2022-01-20,69.0999984741211,69.30999755859375,68.43000030517578,68.4800033569336,62.78561782836914,3801600
2022-01-21,69.2300033569336,69.8499984741211,68.77999877929688,69.02999877929688,63.289859771728516,8034300
2022-01-24,68.9800033569336,69.7300033569336,67.26000213623047,68.55000305175781,62.84978103637695,4706900
2022-01-25,68.20999908447266,68.66999816894531,67.44000244140625,68.33999633789062,62.657257080078125,3968500
2022-01-26,68.0,68.66999816894531,67.44999694824219,67.80000305175781,62.16216278076172,3680400
2022-01-27,68.18000030517578,69.12999725341797,67.94999694824219,68.3499984741211,62.66642379760742,2608600
2022-01-28,68.26000213623047,69.4000015258789,67.72000122070312,69.37999725341797,63.61076736450195,3473700
2022-01-31,68.81999969482422,69.05000305175781,68.02999877929688,68.68000030517578,62.96898651123047,3856800
2022-02-01,68.72000122070312,68.93000030517578,67.58999633789062,68.25,62.57474136352539,3577700
2022-02-02,68.12000274658203,69.05000305175781,68.0,68.7699966430664,63.0515022277832,2898500
2022-02-03,68.9800033569336,69.58999633789062,68.66000366210938,69.05000305175781,63.30820846557617,3600900
2022-02-04,68.80000305175781,68.93000030517578,67.31999969482422,67.91999816894531,62.27218246459961,2823000
2022-02-07,68.25,68.33000183105469,67.48999786376953,68.13999938964844,62.47388458251953,3149600
2022-02-08,68.44999694824219,68.76000213623047,68.08999633789062,68.43000030517578,62.739776611328125,2466000
2022-02-09,68.55999755859375,68.80000305175781,68.01000213623047,68.16999816894531,62.50139617919922,2655200
2022-02-10,67.95999908447266,68.37999725341797,66.8499984741211,67.08000183105469,61.50202560424805,4477200
2022-02-11,67.22000122070312,68.52999877929688,67.08999633789062,68.05999755859375,62.40053176879883,4301500
2022-02-14,68.2699966430664,68.4800033569336,66.62000274658203,67.62999725341797,62.00628662109375,3001300
2022-02-15,67.69000244140625,67.97000122070312,66.80000305175781,67.0,61.428680419921875,2688500
2022-02-16,66.94999694824219,67.62999725341797,66.22000122070312,66.76000213623047,61.20864486694336,3060600
2022-02-17,66.87000274658203,68.06999969482422,66.62999725341797,67.79000091552734,62.15299606323242,3177000
2022-02-18,67.51000213623047,68.37999725341797,67.5,68.1500015258789,62.48303985595703,2942400
2022-02-22,68.08000183105469,68.58000183105469,66.91999816894531,67.33999633789062,61.740413665771484,3654300
2022-02-23,67.5,67.66000366210938,67.01000213623047,67.11000061035156,61.52953338623047,2849700
2022-02-24,66.86000061035156,67.0199966430664,64.44999694824219,65.55999755859375,60.108421325683594,4956500
2022-02-25,65.7699966430664,68.04000091552734,65.69999694824219,67.98999786376953,62.33634567260742,3892500
2022-02-28,66.98999786376953,67.69000244140625,66.66999816894531,67.43000030517578,61.82292175292969,6353700
2022-03-01,66.9000015258789,67.52999877929688,66.41999816894531,66.81999969482422,61.26364517211914,3474400
2022-03-02,66.55000305175781,67.76000213623047,66.18000030517578,67.45999908447266,61.850425720214844,3108200
2022-03-03,67.63999938964844,68.79000091552734,67.43000030517578,68.2699966430664,62.59307861328125,3754300
2022-03-04,67.31999969482422,68.68000030517578,67.12999725341797,68.12000274658203,62.4555549621582,4240400
2022-03-07,67.61000061035156,68.2699966430664,66.76000213623047,67.66999816894531,62.042964935302734,4374100
2022-03-08,67.36000061035156,67.70999908447266,63.720001220703125,63.7599983215332,58.458099365234375,6768800
2022-03-09,64.4800033569336,65.38999938964844,64.01000213623047,64.11000061035156,58.77899932861328,3761200
2022-03-10,63.77000045776367,63.93000030517578,62.5,63.099998474121094,57.85298156738281,3560300
2022-03-11,63.08000183105469,63.7599983215332,62.20000076293945,62.27000045776367,57.092002868652344,3535500
2022-03-14,62.68000030517578,63.380001068115234,62.15999984741211,62.56999969482422,57.36705017089844,3156200
2022-03-15,63.15999984741211,63.4900016784668,62.7599983215332,63.279998779296875,58.018009185791016,3143200
2022-03-16,63.33000183105469,63.380001068115234,61.90999984741211,62.650001525878906,57.440399169921875,3631300
2022-03-17,62.61000061035156,63.52000045776367,62.38999938964844,63.220001220703125,57.96299743652344,3712800
2022-03-18,63.25,63.290000915527344,61.66999816894531,62.40999984741211,57.220359802246094,7789800
2022-03-21,62.7400016784668,63.34000015258789,62.11000061035156,62.81999969482422,57.59626007080078,4519300
2022-03-22,62.83000183105469,63.18000030517578,61.86000061035156,62.68000030517578,57.46790313720703,5658200
2022-03-23,65.30000305175781,66.30999755859375,63.83000183105469,64.2300033569336,58.88901901245117,7668400
2022-03-24,64.48999786376953,66.6500015258789,64.41999816894531,66.36000061035156,60.84189987182617,5427200
2022-03-25,66.63999938964844,67.83999633789062,66.5,67.38999938964844,61.786251068115234,4047200
2022-03-28,67.3499984741211,67.43000030517578,66.37999725341797,66.86000061035156,61.30031967163086,2807400
2022-03-29,67.18000030517578,67.66999816894531,66.87999725341797,67.66000366210938,62.0338020324707,2568300
2022-03-30,67.54000091552734,67.95999908447266,67.0,67.94000244140625,62.29051971435547,2966300
2022-03-31,67.86000061035156,68.41000366210938,67.69999694824219,67.72000122070312,62.08881759643555,3027300
2022-04-01,67.91999816894531,68.9000015258789,67.45999908447266,68.8499984741211,63.12484359741211,2380600
2022-04-04,68.62999725341797,68.72000122070312,67.61000061035156,68.48999786376953,62.794776916503906,2542000
2022-04-05,68.3499984741211,69.9000015258789,68.33999633789062,69.16000366210938,63.409061431884766,3335800
2022-04-06,69.25,70.05999755859375,68.91000366210938,69.7300033569336,63.931671142578125,3944800
2022-04-07,69.37000274658203,69.9000015258789,69.0,69.75,64.42117309570312,3256100
2022-04-08,69.94000244140625,70.43000030517578,69.3499984741211,70.16999816894531,64.80908966064453,4041000
2022-04-11,70.66000366210938,70.95999908447266,69.93000030517578,70.51000213623047,65.12313079833984,3154600
2022-04-12,70.27999877929688,70.93000030517578,69.80000305175781,70.43000030517578,65.04923248291016,3677300
2022-04-13,70.2300033569336,70.75,69.83000183105469,70.68000030517578,65.28012084960938,3104600
2022-04-14,71.0,71.23999786376953,70.55000305175781,70.91999816894531,65.50178527832031,6956500
2022-04-18,70.94999694824219,71.30000305175781,70.56999969482422,70.83999633789062,65.42789459228516,2860700
2022-04-19,70.9000015258789,71.80000305175781,70.81999969482422,71.72000122070312,66.24066925048828,3297400
2022-04-20,71.79000091552734,72.93000030517578,71.79000091552734,72.83000183105469,67.265869140625,2944800
2022-04-21,72.86000061035156,73.80000305175781,72.61000061035156,73.19000244140625,67.5983657836914,2728600
2022-04-22,73.23999786376953,73.41999816894531,72.44999694824219,72.5,66.9610824584961,3399800
2022-04-25,72.5,72.87999725341797,71.41999816894531,72.19999694824219,66.68399810791016,3814300
2022-04-26,72.33999633789062,72.6500015258789,71.01000213623047,71.02999877929688,65.60340118408203,3812200
2022-04-27,71.5999984741211,72.30000305175781,71.27999877929688,71.36000061035156,65.9081802368164,5876100
2022-04-28,71.87000274658203,72.29000091552734,71.44999694824219,72.2699966430664,66.74864959716797,3216300
2022-04-29,71.97000122070312,72.16999816894531,70.63999938964844,70.7300033569336,65.32630920410156,2771500
2022-05-02,72.1500015258789,72.19000244140625,68.91999816894531,69.4800033569336,64.17180633544922,4443300
2022-05-03,69.38999938964844,70.4000015258789,68.9800033569336,69.6500015258789,64.32881927490234,3703500
2022-05-04,69.69000244140625,70.86000061035156,69.56999969482422,70.80999755859375,65.40019226074219,3012500
2022-05-05,70.77999877929688,71.22000122070312,70.36000061035156,70.75,65.34478759765625,3169600
2022-05-06,70.47000122070312,71.51000213623047,70.47000122070312,71.4000015258789,65.94512176513672,2759600
2022-05-09,71.1500015258789,73.73999786376953,70.94999694824219,73.5,67.8846664428711,6105900
2022-05-10,73.20999908447266,73.98999786376953,71.51000213623047,71.73999786376953,66.25914001464844,3472300
2022-05-11,71.4000015258789,72.61000061035156,71.1500015258789,71.80000305175781,66.31455993652344,2656600
2022-05-12,72.13999938964844,72.86000061035156,71.5,72.20999908447266,66.69322967529297,3218200
2022-05-13,72.37999725341797,73.1500015258789,71.94999694824219,73.0999984741211,67.51524353027344,3366700
2022-05-16,73.0999984741211,73.62000274658203,72.83999633789062,73.45999908447266,67.84773254394531,3379000
2022-05-17,73.11000061035156,73.16999816894531,70.80000305175781,72.91000366210938,67.33975219726562,4173700
2022-05-18,72.52999877929688,72.6500015258789,67.13999938964844,67.56999969482422,62.407718658447266,5645600
2022-05-19,66.30000305175781,66.70999908447266,65.05000305175781,66.12999725341797,61.07774353027344,4364700
2022-05-20,66.58999633789062,67.2300033569336,65.51000213623047,67.01000213623047,61.89051055908203,4804100
2022-05-23,67.7699966430664,68.5199966430664,67.33000183105469,67.4800033569336,62.324607849121094,3504800
2022-05-24,67.73999786376953,69.19000244140625,67.69000244140625,69.13999938964844,63.8577766418457,2345800
2022-05-25,69.12999725341797,69.51000213623047,68.70999908447266,69.26000213623047,63.96860885620117,2876500
2022-05-26,69.19000244140625,70.2300033569336,68.95999908447266,69.45999908447266,64.15333557128906,2635900
2022-05-27,69.4000015258789,69.93000030517578,69.12999725341797,69.88999938964844,64.55047607421875,2667700
2022-05-31,69.54000091552734,70.22000122070312,68.6500015258789,69.8499984741211,64.51354217529297,5974000
2022-06-01,69.80000305175781,69.91000366210938,68.02999877929688,69.12000274658203,63.83931350708008,3431100
2022-06-02,69.08000183105469,69.26000213623047,67.2699966430664,68.68000030517578,63.43291091918945,3350400
2022-06-03,68.66000366210938,69.04000091552734,67.80000305175781,68.38999938964844,63.165069580078125,2410600
2022-06-06,68.70999908447266,68.94000244140625,68.12000274658203,68.7699966430664,63.51605224609375,2154000
2022-06-07,68.06999969482422,69.27999877929688,68.0,69.16000366210938,63.876258850097656,2630600
2022-06-08,69.12999725341797,69.38999938964844,68.5199966430664,68.9000015258789,63.63611602783203,2630100
2022-06-09,69.0999984741211,69.48999786376953,67.88999938964844,67.93000030517578,62.74021911621094,3121100
2022-06-10,67.27999877929688,68.81999969482422,67.22000122070312,68.37999725341797,63.15584945678711,3362300
2022-06-13,67.63999938964844,68.16000366210938,66.77999877929688,67.05999755859375,61.93669128417969,3834400
2022-06-14,67.16999816894531,67.4800033569336,65.83000183105469,66.44999694824219,61.373291015625,3042200
2022-06-15,66.5,67.16000366210938,65.83999633789062,66.33999633789062,61.271690368652344,2869500
2022-06-16,65.91999816894531,67.11000061035156,64.94000244140625,66.75,61.650367736816406,3859000
2022-06-17,66.80000305175781,67.30000305175781,65.69000244140625,66.2300033569336,61.170101165771484,5405700
2022-06-21,67.31999969482422,68.27999877929688,66.51000213623047,67.8499984741211,62.66633224487305,3915200
2022-06-22,67.80999755859375,68.44000244140625,67.33999633789062,67.9000015258789,62.7125129699707,4137500
2022-06-23,68.2699966430664,69.16000366210938,67.98999786376953,68.9800033569336,63.71001434326172,3461400
2022-06-24,69.25,70.73999786376953,68.81999969482422,70.62999725341797,65.23394012451172,4449000
2022-06-27,70.56999969482422,71.11000061035156,70.2300033569336,71.04000091552734,65.61262512207031,2875600
2022-06-28,71.13999938964844,71.70999908447266,70.08000183105469,70.26000213623047,64.89220428466797,3694900
2022-06-29,71.52999877929688,75.0,71.5,74.72000122070312,69.011474609375,10605400
2022-06-30,74.0,75.73999786376953,73.9000015258789,75.44999694824219,69.6856918334961,8255000
2022-07-01,75.81999969482422,75.95999908447266,74.81999969482422,75.79000091552734,69.99974060058594,5353500
2022-07-05,75.62000274658203,76.08999633789062,74.05000305175781,75.1500015258789,69.40862274169922,6006800
2022-07-06,75.51000213623047,76.7300033569336,75.5,76.22000122070312,70.3968734741211,5939900
2022-07-07,75.70999908447266,76.19000244140625,75.20999908447266,75.51000213623047,70.23873901367188,4474200
2022-07-08,75.7300033569336,76.56999969482422,75.51000213623047,75.54000091552734,70.26663970947266,2939100
2022-07-11,75.79000091552734,76.3499984741211,75.58999633789062,75.76000213623047,70.47129821777344,2232800
2022-07-12,75.80999755859375,76.79000091552734,75.66999816894531,75.91999816894531,70.62012481689453,2371400
2022-07-13,75.70999908447266,76.94000244140625,75.69000244140625,76.43000030517578,71.09452056884766,3462200
2022-07-14,75.1500015258789,75.7699966430664,74.29000091552734,74.69999694824219,69.48528289794922,4554700
2022-07-15,75.26000213623047,75.47000122070312,74.66000366210938,74.91999816894531,69.68993377685547,3177100
2022-07-18,74.52999877929688,74.97000122070312,73.87999725341797,73.94999694824219,68.78764343261719,2671700
2022-07-19,74.2699966430664,74.9000015258789,74.13999938964844,74.37000274658203,69.17832946777344,3019900
2022-07-20,74.43000030517578,74.62000274658203,73.05000305175781,73.4000015258789,68.27604675292969,3585400
2022-07-21,73.08999633789062,73.61000061035156,72.66999816894531,73.0999984741211,67.99698638916016,3215500
2022-07-22,73.2300033569336,73.76000213623047,72.8499984741211,73.62999725341797,68.48997497558594,2521500
2022-07-25,73.52999877929688,74.52999877929688,73.12999725341797,74.25,69.06669616699219,2436200
2022-07-26,73.19000244140625,74.52999877929688,72.62999725341797,74.41000366210938,69.21553802490234,2954900
2022-07-27,74.23999786376953,74.23999786376953,72.16000366210938,73.81999969482422,68.66671752929688,3515500
2022-07-28,73.86000061035156,74.8499984741211,73.56999969482422,74.5999984741211,69.39226531982422,3087500
2022-07-29,74.1500015258789,74.88999938964844,73.88999938964844,74.79000091552734,69.56901550292969,6688100
2022-08-01,74.81999969482422,76.13999938964844,74.80999755859375,75.69999694824219,70.41547393798828,3769900
2022-08-02,76.0,76.25,75.12000274658203,75.68000030517578,70.3968734741211,5521500
2022-08-03,75.44000244140625,75.80000305175781,75.08000183105469,75.5999984741211,70.32244873046875,4030900
2022-08-04,75.25,76.23999786376953,75.25,75.5199966430664,70.248046875,2622600
2022-08-05,75.80000305175781,76.19000244140625,75.0199966430664,76.16999816894531,70.85266876220703,2266000
2022-08-08,76.37000274658203,76.86000061035156,76.22000122070312,76.36000061035156,71.02941131591797,2382000
2022-08-09,76.54000091552734,77.70999908447266,76.5,77.02999877929688,71.65263366699219,2758500
2022-08-10,77.4800033569336,77.7300033569336,77.16999816894531,77.58000183105469,72.16423034667969,2681100
2022-08-11,77.69000244140625,78.23999786376953,76.93000030517578,76.95999908447266,71.5875244140625,2762600
2022-08-12,77.20999908447266,77.27999877929688,76.55999755859375,77.0,71.62472534179688,2409400
2022-08-15,76.86000061035156,77.20999908447266,76.23999786376953,76.63999938964844,71.28986358642578,5688300
2022-08-16,76.45999908447266,77.86000061035156,76.36000061035156,77.44000244140625,72.03401947021484,6201300
2022-08-17,77.47000122070312,77.91999816894531,77.0999984741211,77.13999938964844,71.75495147705078,2387800
2022-08-18,77.11000061035156,77.55000305175781,76.52999877929688,77.5,72.08981323242188,2575600
2022-08-19,77.70999908447266,78.36000061035156,77.44000244140625,77.97000122070312,72.52700805664062,2646200
2022-08-22,77.6500015258789,77.93000030517578,77.13999938964844,77.5,72.08981323242188,1742700
2022-08-23,77.52999877929688,78.0,77.1500015258789,77.87000274658203,72.43399810791016,2400400
2022-08-24,78.04000091552734,78.54000091552734,77.68000030517578,78.44999694824219,72.9735107421875,2488400
2022-08-25,78.2300033569336,78.3499984741211,77.16000366210938,77.9000015258789,72.46190643310547,3132500
2022-08-26,77.91000366210938,78.1500015258789,76.20999908447266,76.31999969482422,70.9921875,3846900
2022-08-29,76.01000213623047,77.69000244140625,75.77999877929688,77.22000122070312,71.82939147949219,2704100
2022-08-30,77.22000122070312,77.55000305175781,76.7300033569336,76.9800033569336,71.60611724853516,2475600
2022-08-31,77.27999877929688,77.86000061035156,76.69000244140625,76.80000305175781,71.43869018554688,4307200
2022-09-01,76.48999786376953,77.36000061035156,75.75,77.16000366210938,71.77356719970703,2695100
2022-09-02,77.62999725341797,78.4000015258789,76.43000030517578,76.72000122070312,71.36427307128906,3946500
2022-09-06,76.66000366210938,76.94999694824219,75.12999725341797,75.30000305175781,70.04341125488281,5333600
2022-09-07,75.41999816894531,76.38999938964844,74.87999725341797,76.27999877929688,70.9549789428711,4348600
2022-09-08,75.86000061035156,76.19999694824219,74.69999694824219,75.62999725341797,70.3503646850586,3620300
2022-09-09,75.86000061035156,76.47000122070312,75.05000305175781,75.91000366210938,70.6108169555664,2436100
2022-09-12,76.04000091552734,76.43000030517578,75.7699966430664,76.1500015258789,70.83406066894531,2513900
2022-09-13,75.69999694824219,76.02999877929688,74.05999755859375,74.3499984741211,69.15971374511719,3344800
2022-09-14,74.0999984741211,74.94000244140625,74.08999633789062,74.41999816894531,69.22482299804688,3604500
2022-09-15,74.61000061035156,75.19999694824219,73.77999877929688,75.06999969482422,69.82946014404297,4664700
2022-09-16,75.2300033569336,76.01000213623047,74.72000122070312,75.25,69.99688720703125,6718600
2022-09-19,75.30999755859375,75.91000366210938,75.13999938964844,75.83000183105469,70.53640747070312,2907400
2022-09-20,75.44999694824219,75.77999877929688,74.9000015258789,75.41000366210938,70.1457290649414,4802900
2022-09-21,77.9800033569336,81.04000091552734,77.04000091552734,79.72000122070312,74.15485382080078,14038700
2022-09-22,80.19000244140625,81.23999786376953,78.88999938964844,80.77999877929688,75.1408462524414,7096800
2022-09-23,80.08999633789062,80.54000091552734,78.30000305175781,79.16999816894531,73.64324188232422,4795400
2022-09-26,78.98999786376953,79.5,78.11000061035156,78.66000366210938,73.1688461303711,3561300
2022-09-27,79.0,80.12999725341797,77.83000183105469,77.97000122070312,72.52700805664062,4108400
2022-09-28,78.44000244140625,79.05999755859375,77.5,78.79000091552734,73.28976440429688,3953700
2022-09-29,78.95999908447266,79.08000183105469,77.56999969482422,77.70999908447266,72.28515625,3515500
2022-09-30,77.5,77.9000015258789,76.45999908447266,76.61000061035156,71.26195526123047,4101000
2022-10-03,77.05999755859375,78.72000122070312,76.52999877929688,78.4800033569336,73.00141906738281,4069100
2022-10-04,78.5999984741211,79.58000183105469,77.81999969482422,78.5,73.02001190185547,4093500
2022-10-05,78.38999938964844,78.48999786376953,77.1500015258789,77.69000244140625,72.26654815673828,2795200
2022-10-06,76.98999786376953,77.19999694824219,74.62999725341797,74.97000122070312,70.22454071044922,5449200
2022-10-07,75.05999755859375,75.69000244140625,74.41999816894531,75.3499984741211,70.58050537109375,3755700
2022-10-10,75.73999786376953,76.75,75.55999755859375,76.41000366210938,71.57341003417969,3245800
2022-10-11,76.44000244140625,77.94000244140625,76.44000244140625,77.38999938964844,72.49136352539062,3173100
2022-10-12,77.93000030517578,78.2300033569336,77.33000183105469,77.36000061035156,72.46326446533203,3045600
2022-10-13,76.91999816894531,79.12999725341797,76.70999908447266,78.81999969482422,73.83084106445312,3396400
2022-10-14,79.08000183105469,79.27999877929688,77.5,77.70999908447266,72.79110717773438,2928700
2022-10-17,78.1500015258789,78.5199966430664,76.8499984741211,77.41000366210938,72.5101089477539,3490400
2022-10-18,77.7699966430664,78.45999908447266,77.58000183105469,78.2699966430664,73.31565856933594,2655100
2022-10-19,78.38999938964844,78.9000015258789,77.6500015258789,78.12999725341797,73.18451690673828,2282900
2022-10-20,77.86000061035156,78.16000366210938,76.55999755859375,76.66999816894531,71.81694030761719,3002800
2022-10-21,76.5999984741211,77.63999938964844,76.33999633789062,77.04000091552734,72.16352081298828,2907100
2022-10-24,77.66999816894531,78.41000366210938,77.13999938964844,77.62000274658203,72.7068099975586,3219100
2022-10-25,77.41999816894531,78.55000305175781,76.97000122070312,78.30000305175781,73.3437728881836,3389700
2022-10-26,78.6500015258789,79.19999694824219,77.76000213623047,78.36000061035156,73.39995574951172,3082000
2022-10-27,78.80000305175781,80.37999725341797,78.55000305175781,79.87000274658203,74.81439208984375,4727900
2022-10-28,79.98999786376953,81.69000244140625,79.95999908447266,81.56999969482422,76.40677642822266,2693800
2022-10-31,80.93000030517578,82.0999984741211,80.91999816894531,81.58000183105469,76.41615295410156,4106500
2022-11-01,81.30000305175781,81.70999908447266,80.12999725341797,80.29000091552734,75.20780944824219,8683500
2022-11-02,80.19999694824219,80.94999694824219,78.66000366210938,79.80999755859375,74.7581787109375,4252700
2022-11-03,79.30999755859375,79.68000030517578,78.61000061035156,78.91000366210938,73.91514587402344,3164800
2022-11-04,79.27999877929688,79.9800033569336,78.30999755859375,79.05999755859375,74.05565643310547,2856500
2022-11-07,78.88999938964844,79.76000213623047,78.79000091552734,79.19000244140625,74.17743682861328,2178400
2022-11-08,79.04000091552734,80.22000122070312,78.98999786376953,79.55999755859375,74.52400970458984,2869400
2022-11-09,79.70999908447266,80.97000122070312,79.66999816894531,80.33999633789062,75.25463104248047,3667700
2022-11-10,81.0,81.26000213623047,77.80000305175781,79.58000183105469,74.54273986816406,6696300
2022-11-11,79.0,79.0,75.7699966430664,77.25,72.36023712158203,6176900
2022-11-14,77.5,78.93000030517578,76.94000244140625,76.97000122070312,72.09795379638672,3980300
2022-11-15,77.22000122070312,77.6500015258789,76.51000213623047,77.44000244140625,72.5382080078125,3278100
2022-11-16,77.98999786376953,79.9000015258789,77.94000244140625,79.05999755859375,74.05565643310547,3954300
2022-11-17,78.79000091552734,79.79000091552734,78.70999908447266,79.7699966430664,74.72071075439453,2493500
2022-11-18,80.43000030517578,81.45999908447266,80.19000244140625,81.02999877929688,75.90096282958984,2981100
2022-11-21,81.5,82.05000305175781,80.68000030517578,81.9800033569336,76.79082489013672,3096600
2022-11-22,82.25,82.86000061035156,81.91000366210938,82.16999816894531,76.96879577636719,2718000
2022-11-23,82.41000366210938,82.97000122070312,82.4000015258789,82.77999877929688,77.54019165039062,2379300
2022-11-25,83.25,83.5999984741211,82.63999938964844,82.97000122070312,77.71817016601562,1319900
2022-11-28,83.0,83.79000091552734,82.80999755859375,82.93000030517578,77.68069458007812,2930900
2022-11-29,82.62000274658203,83.4000015258789,82.43000030517578,82.83999633789062,77.59638977050781,2936100
2022-11-30,82.79000091552734,85.62000274658203,82.44000244140625,85.30000305175781,79.90068817138672,15812000
2022-12-01,85.23999786376953,86.7300033569336,84.48999786376953,85.41999816894531,80.0130844116211,3802900
2022-12-02,85.3499984741211,86.58000183105469,85.3499984741211,86.5199966430664,81.04344940185547,3125800
2022-12-05,85.66000366210938,86.58000183105469,85.41000366210938,86.30000305175781,80.83737182617188,3119000
2022-12-06,85.72000122070312,86.66999816894531,84.81999969482422,85.37999725341797,79.97561645507812,3194800
2022-12-07,85.87000274658203,87.30000305175781,85.72000122070312,87.22000122070312,81.69914245605469,4279600
2022-12-08,87.0999984741211,87.77999877929688,86.75,87.55000305175781,82.00826263427734,2912800
2022-12-09,87.33999633789062,87.58999633789062,85.77999877929688,85.83999633789062,80.40648651123047,3100900
2022-12-12,86.12999725341797,86.97000122070312,85.72000122070312,86.83999633789062,81.34319305419922,3372200
2022-12-13,86.93000030517578,87.55000305175781,86.41000366210938,86.97000122070312,81.46498107910156,3818600
2022-12-14,87.19000244140625,88.33999633789062,87.18000030517578,87.33000183105469,81.80218505859375,4062800
2022-12-15,87.01000213623047,87.41000366210938,85.61000061035156,86.94999694824219,81.44622802734375,4681400
2022-12-16,86.36000061035156,87.1500015258789,85.75,86.93000030517578,81.42749786376953,8126400
2022-12-19,86.9000015258789,87.91999816894531,86.52999877929688,87.12000274658203,81.60547637939453,4570400
2022-12-20,83.68000030517578,84.55000305175781,82.44000244140625,83.12999725341797,77.8680419921875,8326500
2022-12-21,83.88999938964844,85.55999755859375,83.19999694824219,85.36000061035156,79.95689392089844,4221800
2022-12-22,85.37000274658203,85.48999786376953,84.41999816894531,85.16999816894531,79.77891540527344,2735800
2022-12-23,85.1500015258789,85.5199966430664,84.87000274658203,85.41000366210938,80.00371551513672,1477500
2022-12-27,85.56999969482422,86.08000183105469,85.19000244140625,85.94000244140625,80.50018310546875,2017400
2022-12-28,86.30000305175781,86.55999755859375,84.66999816894531,84.76000213623047,79.39485931396484,1707300
2022-12-29,85.11000061035156,85.23999786376953,84.23999786376953,84.37999725341797,79.03890228271484,2473100
2022-12-30,84.48999786376953,84.69999694824219,83.29000091552734,83.8499984741211,78.5424575805664,2477000
2023-01-03,83.55999755859375,83.75,82.62000274658203,83.22000122070312,77.95234680175781,3036500
2023-01-04,82.8499984741211,84.43000030517578,82.8499984741211,83.88999938964844,78.57992553710938,3445900
2023-01-05,84.1500015258789,84.9000015258789,83.7300033569336,84.41000366210938,79.06702423095703,2934100
2023-01-06,85.01000213623047,86.22000122070312,85.01000213623047,85.95999908447266,80.51890563964844,2290900
2023-01-09,85.23999786376953,85.87000274658203,84.68000030517578,84.68000030517578,79.82135772705078,3010700
2023-01-10,85.13999938964844,85.25,83.95999908447266,84.05000305175781,79.22750091552734,2470100
2023-01-11,84.31999969482422,84.69999694824219,83.52999877929688,83.94999694824219,79.13323974609375,3113000
2023-01-12,83.93000030517578,83.93000030517578,82.36000061035156,82.52999877929688,77.79471588134766,3928400
2023-01-13,82.31999969482422,82.97000122070312,82.31999969482422,82.51000213623047,77.7758560180664,3442800
2023-01-17,82.4000015258789,82.98999786376953,81.75,81.86000061035156,77.16316986083984,3880300
2023-01-18,81.43000030517578,81.44999694824219,78.08999633789062,78.41000366210938,73.9111099243164,6451600
2023-01-19,78.5199966430664,78.6500015258789,77.29000091552734,77.44999694824219,73.0062026977539,3865500
2023-01-20,77.44999694824219,77.75,76.66999816894531,77.45999908447266,73.01561737060547,3961800
2023-01-23,77.45999908447266,77.95999908447266,77.0,77.4000015258789,72.95906066894531,2750000
2023-01-24,77.3499984741211,78.0,76.23999786376953,77.01000213623047,72.5914306640625,3959400
2023-01-25,76.91999816894531,77.88999938964844,76.61000061035156,77.87000274658203,73.40209197998047,3287800
2023-01-26,77.56999969482422,77.56999969482422,76.66999816894531,76.80000305175781,72.39349365234375,3376000
2023-01-27,77.69999694824219,78.2699966430664,76.69999694824219,77.88999938964844,73.42094421386719,4273400
2023-01-30,78.16000366210938,78.77999877929688,77.9800033569336,78.20999908447266,73.72257995605469,3117600
2023-01-31,78.41999816894531,78.51000213623047,77.33000183105469,78.36000061035156,73.86397552490234,4144900
2023-02-01,77.94999694824219,78.22000122070312,77.18000030517578,77.98999786376953,73.51520538330078,4141600
2023-02-02,76.80000305175781,77.0,75.20999908447266,75.9000015258789,71.54512786865234,7882500
2023-02-03,76.51000213623047,76.54000091552734,74.66999816894531,75.4800033569336,71.14923095703125,5555700
2023-02-06,75.55000305175781,77.20999908447266,75.29000091552734,77.18000030517578,72.7516860961914,4531400
2023-02-07,76.4000015258789,76.61000061035156,75.41999816894531,76.30999755859375,71.93158721923828,3276700
2023-02-08,76.20999908447266,76.36000061035156,75.61000061035156,75.73999786376953,71.39429473876953,2415500
2023-02-09,76.12000274658203,76.33000183105469,75.06999969482422,75.22000122070312,70.9041519165039,3308700
2023-02-10,75.63999938964844,76.19000244140625,75.20999908447266,76.08999633789062,71.7242202758789,2466700
2023-02-13,76.16999816894531,76.66000366210938,75.80999755859375,76.5999984741211,72.20496368408203,2425700
2023-02-14,76.58999633789062,76.62000274658203,75.2300033569336,75.3499984741211,71.02668762207031,2863500
2023-02-15,75.29000091552734,75.41000366210938,74.44000244140625,75.11000061035156,70.80044555664062,2264100
2023-02-16,74.58000183105469,75.19999694824219,74.23999786376953,75.11000061035156,70.80044555664062,2649700
2023-02-17,75.30000305175781,76.9800033569336,74.97000122070312,76.7699966430664,72.36520385742188,3978700
2023-02-21,81.19000244140625,81.38999938964844,78.79000091552734,80.16000366210938,75.56070709228516,7926300
2023-02-22,80.47000122070312,81.56999969482422,79.94000244140625,80.27999877929688,75.6738052368164,4089900
2023-02-23,80.27999877929688,80.86000061035156,79.95999908447266,80.30000305175781,75.69266510009766,2991900
2023-02-24,80.30000305175781,80.7300033569336,80.05999755859375,80.63999938964844,76.0131607055664,2786500
2023-02-27,80.87000274658203,81.37999725341797,80.75,80.9800033569336,76.33364868164062,2672700
2023-02-28,80.75,80.94999694824219,79.4800033569336,79.51000213623047,74.94799041748047,3862900
2023-03-01,79.04000091552734,79.44000244140625,78.02999877929688,78.8499984741211,74.32586669921875,3584600
2023-03-02,78.98999786376953,79.43000030517578,78.5199966430664,78.94999694824219,74.42012786865234,2374500
2023-03-03,78.51000213623047,79.63999938964844,77.66000366210938,79.5999984741211,75.0328369140625,2540000
2023-03-06,79.41000366210938,79.41000366210938,78.69000244140625,79.11000061035156,74.5709457397461,2676900
2023-03-07,79.20999908447266,79.3499984741211,78.27999877929688,79.04000091552734,74.50495910644531,2287800
2023-03-08,79.36000061035156,79.5199966430664,78.73999786376953,79.16999816894531,74.62749481201172,2017000
2023-03-09,79.62000274658203,79.80000305175781,78.33000183105469,78.63999938964844,74.1279067993164,2251300
2023-03-10,78.73999786376953,79.43000030517578,78.22000122070312,78.5199966430664,74.01480102539062,2663900
2023-03-13,78.5199966430664,81.11000061035156,78.37999725341797,79.79000091552734,75.2119369506836,3946800
2023-03-14,79.8499984741211,80.2300033569336,79.3499984741211,80.16000366210938,75.56070709228516,2983100
2023-03-15,80.01000213623047,81.06999969482422,79.48999786376953,80.94999694824219,76.30537414550781,3315700
2023-03-16,81.12999725341797,81.23999786376953,79.76000213623047,80.47000122070312,75.85292053222656,2402000
2023-03-17,80.69000244140625,81.06999969482422,79.19999694824219,79.79000091552734,75.2119369506836,8367800
2023-03-20,80.0,81.16000366210938,79.86000061035156,80.6500015258789,76.02259063720703,2849900
2023-03-21,80.95999908447266,80.98999786376953,80.08999633789062,80.75,76.1168441772461,2601400
2023-03-22,80.88999938964844,81.47000122070312,79.7699966430664,79.87000274658203,75.28734588623047,3516800
2023-03-23,81.0,83.31999969482422,81.0,82.1500015258789,77.43650817871094,6082900
2023-03-24,82.8499984741211,84.83999633789062,82.11000061035156,84.80000305175781,79.93448638916016,5328800
2023-03-27,85.0,86.30999755859375,84.69999694824219,84.87999725341797,80.00988006591797,4580900
2023-03-28,85.05000305175781,86.1500015258789,84.5199966430664,84.7699966430664,79.90618896484375,2806000
2023-03-29,84.81999969482422,85.44000244140625,84.6500015258789,85.02999877929688,80.15127563476562,2567300
2023-03-30,84.95999908447266,85.0199966430664,84.27999877929688,84.95999908447266,80.08529663085938,3209900
2023-03-31,85.25,85.54000091552734,84.8499984741211,85.45999908447266,80.55661010742188,3069900
2023-04-03,85.48999786376953,86.61000061035156,85.12000274658203,85.91999816894531,80.9902114868164,3380400
2023-04-04,86.13999938964844,86.5,85.45999908447266,86.06999969482422,81.13159942626953,4849100
2023-04-05,86.48999786376953,87.31999969482422,86.2699966430664,87.05999755859375,82.0647964477539,4624700
2023-04-06,86.73999786376953,87.16000366210938,86.44000244140625,86.9000015258789,82.42523956298828,3556200
2023-04-10,86.63999938964844,86.75,85.62000274658203,86.3499984741211,81.90355682373047,2390500
2023-04-11,86.72000122070312,87.55000305175781,86.56999969482422,87.05999755859375,82.57698822021484,2812700
2023-04-12,86.68000030517578,87.20999908447266,86.20999908447266,87.01000213623047,82.5295639038086,2492800
2023-04-13,86.72000122070312,87.0999984741211,86.43000030517578,86.94999694824219,82.47266387939453,2083400
2023-04-14,87.0199966430664,87.25,86.30000305175781,86.55999755859375,82.10274505615234,3491400
2023-04-17,87.05000305175781,87.33999633789062,86.61000061035156,87.08999633789062,82.60545349121094,1672900
2023-04-18,87.08000183105469,87.51000213623047,86.72000122070312,87.4800033569336,82.97537994384766,1902200
2023-04-19,87.8499984741211,87.91999816894531,86.83000183105469,87.12999725341797,82.64339447021484,2198600
2023-04-20,87.41999816894531,87.5999984741211,87.08999633789062,87.56999969482422,83.06072998046875,1833300
2023-04-21,88.0,88.23999786376953,87.27999877929688,87.44999694824219,82.9469223022461,1749500
2023-04-24,87.47000122070312,87.9800033569336,87.27999877929688,87.62000274658203,83.10816955566406,2123900
2023-04-25,87.80999755859375,88.87999725341797,87.77999877929688,88.5,83.9428482055664,2473300
2023-04-26,87.83999633789062,88.25,87.61000061035156,87.87999725341797,83.35476684570312,2259200
2023-04-27,87.76000213623047,88.80999755859375,87.5999984741211,88.79000091552734,84.2179183959961,2203100
2023-04-28,88.79000091552734,89.38999938964844,88.29000091552734,88.62999725341797,84.0661392211914,2383000
2023-05-01,88.94000244140625,89.7699966430664,88.83000183105469,89.37000274658203,84.76805877685547,2146200
2023-05-02,89.38999938964844,89.4000015258789,88.13999938964844,89.0,84.41710662841797,3320200
2023-05-03,89.30999755859375,89.77999877929688,88.69999694824219,88.83000183105469,84.255859375,3693500
2023-05-04,88.91000366210938,89.44999694824219,88.30000305175781,89.4000015258789,84.7965087890625,2123000
2023-05-05,89.08999633789062,89.94999694824219,88.95999908447266,89.80999755859375,85.18537902832031,2541500
2023-05-08,89.43000030517578,90.37999725341797,89.13999938964844,89.87000274658203,85.24230194091797,2229200
2023-05-09,90.02999877929688,90.33999633789062,89.55000305175781,89.58999633789062,84.97671508789062,2191700
2023-05-10,89.55000305175781,89.94000244140625,88.76000213623047,89.56999969482422,84.957763671875,2470800
2023-05-11,89.62999725341797,90.33000183105469,89.01000213623047,90.26000213623047,85.61222076416016,1822600
2023-05-12,90.05000305175781,90.6500015258789,89.97000122070312,90.61000061035156,85.94420623779297,2145000
2023-05-15,90.7300033569336,90.88999938964844,89.5199966430664,90.29000091552734,85.64067840576172,2629700
2023-05-16,90.0999984741211,90.58000183105469,89.2300033569336,90.26000213623047,85.61222076416016,2191200
2023-05-17,90.26000213623047,90.4000015258789,88.66000366210938,89.8499984741211,85.22332763671875,2772700
2023-05-18,89.27999877929688,89.27999877929688,88.04000091552734,88.5,83.9428482055664,3395500
2023-05-19,88.25,88.55999755859375,86.97000122070312,87.62999725341797,83.11764526367188,4147400
2023-05-22,87.6500015258789,87.6500015258789,85.2300033569336,85.69999694824219,81.28702545166016,3156200
2023-05-23,85.80000305175781,85.81999969482422,84.37999725341797,85.47000122070312,81.0688705444336,3018200
2023-05-24,85.69999694824219,85.81999969482422,84.66000366210938,85.06999969482422,80.68946838378906,2287000
2023-05-25,84.41999816894531,84.83999633789062,83.63999938964844,84.51000213623047,80.15830993652344,2490200
2023-05-26,84.36000061035156,84.91000366210938,83.6500015258789,84.18000030517578,79.84529876708984,2364000
2023-05-30,83.3499984741211,83.86000061035156,82.30999755859375,83.2699966430664,78.9821548461914,4495800
2023-05-31,83.30999755859375,84.30000305175781,83.08999633789062,84.16000366210938,79.82633209228516,8562500
2023-06-01,84.26000213623047,84.9800033569336,83.81999969482422,83.88999938964844,79.57023620605469,2608800
2023-06-02,83.62999725341797,84.61000061035156,83.19999694824219,84.58999633789062,80.23417663574219,3403500
2023-06-05,84.55000305175781,85.83999633789062,84.55000305175781,85.23999786376953,80.85070037841797,2552800
2023-06-06,85.43000030517578,85.77999877929688,83.13999938964844,83.77999877929688,79.46588897705078,2754800
2023-06-07,81.2699966430664,82.16000366210938,80.0999984741211,81.5,77.30330657958984,5185400
2023-06-08,81.38999938964844,82.68000030517578,81.25,82.6500015258789,78.39408111572266,2877400
2023-06-09,82.4000015258789,82.83000183105469,82.0999984741211,82.30000305175781,78.06210327148438,2708800
2023-06-12,82.55000305175781,82.63999938964844,81.11000061035156,81.58000183105469,77.3791732788086,3854900
2023-06-13,80.87000274658203,81.04000091552734,80.05999755859375,80.7300033569336,76.57294464111328,5473500
2023-06-14,80.72000122070312,81.12000274658203,80.30999755859375,80.6500015258789,76.4970703125,3623500
2023-06-15,80.87999725341797,81.43000030517578,80.5199966430664,80.70999908447266,76.5539779663086,3518700
2023-06-16,80.5999984741211,81.56999969482422,80.48999786376953,80.70999908447266,76.5539779663086,5347500
2023-06-20,81.0,81.58999633789062,80.62999725341797,80.63999938964844,76.48758697509766,3486600
2023-06-21,80.77999877929688,81.38999938964844,80.2699966430664,81.37999725341797,77.1894760131836,4784000
2023-06-22,81.73999786376953,81.91000366210938,81.1500015258789,81.30000305175781,77.11360168457031,2584600
2023-06-23,81.52999877929688,82.02999877929688,81.20999908447266,81.31999969482422,77.13257598876953,3925900
2023-06-26,81.2300033569336,81.9800033569336,80.33000183105469,81.86000061035156,77.64476013183594,3545200
2023-06-27,82.4000015258789,82.58999633789062,80.87999725341797,80.9000015258789,76.73419189453125,5391900
2023-06-28,78.87000274658203,78.87999725341797,76.27999877929688,76.72000122070312,72.76943969726562,11772300
2023-06-29,76.73999786376953,76.86000061035156,76.08999633789062,76.30000305175781,72.3710708618164,5836700
2023-06-30,76.4800033569336,77.04000091552734,76.41000366210938,76.69999694824219,72.7504653930664,4125700
2023-07-03,76.30000305175781,77.26000213623047,75.80000305175781,77.12000274658203,73.14884948730469,2756200
2023-07-05,76.7699966430664,77.3499984741211,76.41999816894531,77.30999755859375,73.32905578613281,4786500
2023-07-06,76.58999633789062,76.93000030517578,76.31999969482422,76.43000030517578,72.49437713623047,4261900
2023-07-07,75.51000213623047,75.93000030517578,75.12999725341797,75.16999816894531,71.85392761230469,4264200
2023-07-10,75.23999786376953,75.58999633789062,74.68000030517578,74.79000091552734,71.49068450927734,2961700
2023-07-11,74.9000015258789,75.12000274658203,74.55999755859375,75.08000183105469,71.76790618896484,3186200
2023-07-12,75.0199966430664,75.36000061035156,74.61000061035156,74.94999694824219,71.64362335205078,3783300
2023-07-13,74.91000366210938,75.3499984741211,74.5999984741211,74.79000091552734,71.49068450927734,4286900
2023-07-14,75.18000030517578,75.18000030517578,74.62999725341797,75.01000213623047,71.70099639892578,2594200
2023-07-17,74.69000244140625,74.9800033569336,74.29000091552734,74.30999755859375,71.03186798095703,2814500
2023-07-18,74.56999969482422,75.18000030517578,74.02999877929688,74.30999755859375,71.03186798095703,3335800
2023-07-19,74.38999938964844,75.26000213623047,74.38999938964844,75.20999908447266,71.89216613769531,3410600
2023-07-20,75.37000274658203,76.44999694824219,75.04000091552734,76.36000061035156,72.9914321899414,3523800
2023-07-21,76.20999908447266,77.05999755859375,76.16000366210938,77.0,73.60320281982422,3548800
2023-07-24,77.22000122070312,77.62999725341797,76.93000030517578,77.25,73.8421630859375,2731500
2023-07-25,77.4000015258789,77.4000015258789,76.61000061035156,76.91000366210938,73.51716613769531,2308200
2023-07-26,76.79000091552734,77.08000183105469,75.70999908447266,75.73999786376953,72.39877319335938,3466300
2023-07-27,75.66000366210938,76.1500015258789,74.95999908447266,75.0,71.69142150878906,3160600
2023-07-28,75.4000015258789,75.7300033569336,75.19999694824219,75.44999694824219,72.12156677246094,2935900
2023-07-31,75.41000366210938,75.41000366210938,74.3499984741211,74.73999786376953,71.44288635253906,3378000
2023-08-01,74.87999725341797,75.19999694824219,73.69999694824219,74.33999633789062,71.06053924560547,3261400
2023-08-02,74.30000305175781,75.87999725341797,74.2699966430664,75.44999694824219,72.12156677246094,4355600
2023-08-03,75.4000015258789,75.7699966430664,74.44000244140625,74.5199966430664,71.23259735107422,3571600
2023-08-04,74.61000061035156,74.94999694824219,73.5199966430664,73.58999633789062,70.34363555908203,2077600
2023-08-07,73.55999755859375,73.97000122070312,73.29000091552734,73.45999908447266,70.21936798095703,2500400
2023-08-08,73.5,73.61000061035156,71.19999694824219,71.36000061035156,68.21200561523438,4772200
2023-08-09,71.4800033569336,72.58000183105469,71.23999786376953,72.16000366210938,68.9767074584961,3546700
2023-08-10,72.4800033569336,72.87999725341797,72.19000244140625,72.37999725341797,69.18700408935547,3804500
2023-08-11,72.51000213623047,72.70999908447266,72.29000091552734,72.66999816894531,69.46420288085938,2480800
2023-08-14,72.93000030517578,72.97000122070312,71.97000122070312,72.2699966430664,69.08184814453125,2431900
2023-08-15,71.95999908447266,72.0999984741211,71.4000015258789,71.69999694824219,68.53699493408203,2633200
2023-08-16,71.5999984741211,71.91000366210938,71.18000030517578,71.33999633789062,68.19287872314453,2707300
2023-08-17,71.4000015258789,71.4000015258789,70.26000213623047,70.29000091552734,67.18920135498047,5586500
2023-08-18,70.41000366210938,70.95999908447266,70.08999633789062,70.20999908447266,67.11272430419922,5246500
2023-08-21,69.62000274658203,69.95999908447266,68.19000244140625,68.75,65.7171401977539,4741100
2023-08-22,68.55999755859375,68.81999969482422,68.20999908447266,68.44000244140625,65.42081451416016,3596600
2023-08-23,68.5999984741211,68.73999786376953,67.87999725341797,68.13999938964844,65.13404846191406,4313100
2023-08-24,68.26000213623047,68.80000305175781,67.77999877929688,68.01000213623047,65.0097885131836,3797700
2023-08-25,68.3499984741211,68.88999938964844,67.9000015258789,68.37000274658203,65.3539047241211,2698000
2023-08-28,68.54000091552734,69.01000213623047,68.19999694824219,68.55000305175781,65.52596282958984,3333900
2023-08-29,68.95999908447266,69.02999877929688,68.02999877929688,68.48999786376953,65.46862030029297,3230000
2023-08-30,68.73999786376953,68.97000122070312,68.18000030517578,68.27999877929688,65.26786804199219,2543700
2023-08-31,68.45999908447266,68.63999938964844,67.63999938964844,67.66000366210938,64.67522430419922,5681900
2023-09-01,67.87000274658203,67.98999786376953,65.91000366210938,66.25,63.32742691040039,4404300
2023-09-05,65.66000366210938,66.62999725341797,65.43000030517578,66.0999984741211,63.184043884277344,3952300
2023-09-06,66.87000274658203,67.0,65.83000183105469,65.87000274658203,62.96419906616211,4262700
2023-09-07,65.86000061035156,66.37000274658203,64.69999694824219,64.98999786376953,62.12300491333008,5309100
2023-09-08,65.08000183105469,66.1500015258789,64.91000366210938,66.1500015258789,63.231834411621094,4631300
2023-09-11,65.79000091552734,66.33999633789062,65.41000366210938,65.88999938964844,62.98330307006836,3776700
2023-09-12,66.06999969482422,66.44000244140625,65.05000305175781,65.48999786376953,62.600948333740234,3233700
2023-09-13,65.70999908447266,65.80999755859375,65.12999725341797,65.26000213623047,62.381099700927734,3042800
2023-09-14,65.3499984741211,66.58999633789062,65.3499984741211,66.36000061035156,63.43256378173828,3693600
2023-09-15,66.29000091552734,66.73999786376953,65.76000213623047,65.8499984741211,62.945068359375,7634000
2023-09-18,66.01000213623047,66.11000061035156,65.18000030517578,66.0999984741211,63.184043884277344,4126700
2023-09-19,66.33999633789062,66.44000244140625,65.58000183105469,65.87999725341797,62.9737548828125,5740200
2023-09-20,66.5199966430664,66.66000366210938,64.52999877929688,65.87000274658203,62.96419906616211,6780900
2023-09-21,65.70999908447266,66.5199966430664,65.45999908447266,65.4800033569336,62.59139633178711,6014500
2023-09-22,65.16000366210938,65.56999969482422,64.5,64.81999969482422,61.960506439208984,6619900
2023-09-25,64.51000213623047,64.88999938964844,64.08000183105469,64.77999877929688,61.922279357910156,4420400
2023-09-26,64.5199966430664,65.66000366210938,64.5,65.22000122070312,62.34286117553711,5379300
2023-09-27,65.0999984741211,65.2699966430664,63.70000076293945,64.05000305175781,61.22447967529297,4865300
2023-09-28,64.2300033569336,64.44000244140625,63.630001068115234,64.11000061035156,61.281829833984375,5249100
2023-09-29,64.4000015258789,64.62000274658203,63.75,63.9900016784668,61.1671257019043,5329800
2023-10-02,63.709999084472656,63.970001220703125,62.27000045776367,62.58000183105469,59.81932830810547,6006100
2023-10-03,62.22999954223633,63.189998626708984,62.22999954223633,62.939998626708984,60.16344451904297,7922200
2023-10-04,63.09000015258789,63.310001373291016,62.40999984741211,63.099998474121094,60.316383361816406,5443400
2023-10-05,62.97999954223633,63.380001068115234,62.2400016784668,62.36000061035156,59.60903549194336,5095800
2023-10-06,61.439998626708984,62.63999938964844,60.33000183105469,62.4900016784668,60.30384063720703,5713600
2023-10-09,62.599998474121094,63.9900016784668,62.45000076293945,63.959999084472656,61.722412109375,5511200
2023-10-10,64.61000061035156,64.66000366210938,63.0099983215332,63.2599983215332,61.04690170288086,6688200
2023-10-11,63.34000015258789,63.59000015258789,62.689998626708984,62.72999954223633,60.53544235229492,4108100
2023-10-12,62.56999969482422,62.97999954223633,61.0099983215332,61.529998779296875,59.37742233276367,5139100
2023-10-13,61.70000076293945,63.060001373291016,61.5099983215332,63.040000915527344,60.834598541259766,4564200
2023-10-16,63.349998474121094,63.63999938964844,62.880001068115234,63.25,61.03725051879883,3496500
2023-10-17,62.970001220703125,63.68000030517578,62.619998931884766,62.97999954223633,60.77669906616211,3931300
2023-10-18,63.099998474121094,63.939998626708984,63.029998779296875,63.20000076293945,60.9890022277832,3953600
2023-10-19,62.9900016784668,63.459999084472656,62.7400016784668,62.86000061035156,60.66089630126953,3396900
2023-10-20,63.16999816894531,63.869998931884766,63.060001373291016,63.2400016784668,61.02760314941406,3973700
2023-10-23,62.970001220703125,63.79999923706055,62.93000030517578,63.22999954223633,61.01795196533203,3759000
2023-10-24,63.209999084472656,63.9900016784668,63.189998626708984,63.650001525878906,61.42325973510742,3171000
2023-10-25,63.66999816894531,65.72000122070312,63.619998931884766,65.6500015258789,63.35328674316406,5299900
2023-10-26,65.6500015258789,66.18000030517578,65.22000122070312,65.75,63.449790954589844,6793700
2023-10-27,65.38999938964844,66.01000213623047,64.91999816894531,65.30000305175781,63.015541076660156,5292900
2023-10-30,65.25,65.5199966430664,64.16000366210938,64.83000183105469,62.56197738647461,4952800
2023-10-31,65.19000244140625,65.37999725341797,64.80999755859375,65.23999786376953,62.9576301574707,3216800
2023-11-01,65.44000244140625,65.77999877929688,65.08999633789062,65.0999984741211,62.82252883911133,5220800
2023-11-02,64.94999694824219,66.45999908447266,64.87999725341797,66.23999786376953,63.922645568847656,3710300
2023-11-03,66.5,66.66000366210938,65.70999908447266,65.73999786376953,63.44014358520508,3164900
2023-11-06,65.69999694824219,65.88999938964844,65.18000030517578,65.22000122070312,62.93833541870117,3945800
2023-11-07,65.19000244140625,65.69000244140625,65.01000213623047,65.0999984741211,62.82252883911133,3345800
2023-11-08,65.12000274658203,65.68000030517578,65.0199966430664,65.29000091552734,63.00588607788086,3700800
2023-11-09,65.44000244140625,65.70999908447266,65.16999816894531,65.52999877929688,63.23748779296875,3566400
2023-11-10,65.44000244140625,65.5999984741211,65.05000305175781,65.27999877929688,62.99623489379883,3157300
2023-11-13,65.0999984741211,65.58999633789062,65.06999969482422,65.16000366210938,62.880428314208984,3414500
2023-11-14,65.1500015258789,65.52999877929688,65.05000305175781,65.1500015258789,62.870784759521484,4656000
2023-11-15,65.0199966430664,65.37000274658203,64.63999938964844,64.69000244140625,62.4268798828125,7324800
2023-11-16,64.4000015258789,65.16999816894531,64.30000305175781,65.0199966430664,62.74532699584961,9404700
2023-11-17,65.2699966430664,65.33000183105469,63.779998779296875,64.76000213623047,62.49442672729492,4623200
2023-11-20,64.54000091552734,64.63999938964844,63.7400016784668,64.12999725341797,61.8864631652832,3165000
2023-11-21,64.37999725341797,64.72000122070312,63.7400016784668,64.66000366210938,62.39793014526367,2910700
2023-11-22,65.0199966430664,65.29000091552734,64.61000061035156,64.87000274658203,62.6005859375,2747600
2023-11-24,65.01000213623047,65.19000244140625,64.62999725341797,65.18000030517578,62.89973068237305,1262500
2023-11-27,64.87999725341797,65.11000061035156,63.41999816894531,63.58000183105469,61.355709075927734,4389000
2023-11-28,63.5,63.790000915527344,63.130001068115234,63.41999816894531,61.2013053894043,4572500
2023-11-29,63.349998474121094,63.470001220703125,62.56999969482422,62.59000015258789,60.40034484863281,4511000
2023-11-30,62.599998474121094,63.790000915527344,62.400001525878906,63.65999984741211,61.43290710449219,6840100
2023-12-01,63.56999969482422,64.16000366210938,63.31999969482422,64.12999725341797,61.8864631652832,3349200
2023-12-04,64.05999755859375,65.22000122070312,64.05999755859375,64.94999694824219,62.67776870727539,3381800
2023-12-05,65.13999938964844,65.43000030517578,64.27999877929688,64.5199966430664,62.2628173828125,2986200
2023-12-06,64.5199966430664,66.23999786376953,64.44999694824219,65.88999938964844,63.58489990234375,3568200
2023-12-07,66.06999969482422,66.68000030517578,65.19000244140625,66.38999938964844,64.0674057006836,3658200
2023-12-08,66.43000030517578,66.5199966430664,65.45999908447266,65.47000122070312,63.17958450317383,2452600
2023-12-11,65.4000015258789,66.13999938964844,65.38999938964844,66.08000183105469,63.768245697021484,3429200
2023-12-12,66.33000183105469,66.75,65.9000015258789,66.73999786376953,64.40515899658203,3841500
2023-12-13,66.73999786376953,68.05999755859375,66.61000061035156,67.83999633789062,65.4666748046875,4380900
2023-12-14,68.06999969482422,68.23999786376953,66.29000091552734,66.31999969482422,63.999847412109375,6086300
2023-12-15,65.66999816894531,66.0,64.93000030517578,65.22000122070312,62.93833541870117,11829600
2023-12-18,65.31999969482422,66.61000061035156,65.08000183105469,66.33999633789062,64.01914978027344,5446000
2023-12-19,66.62999725341797,66.83000183105469,66.16999816894531,66.70999908447266,64.3761978149414,4827900
2023-12-20,63.95000076293945,65.5,63.900001525878906,64.33000183105469,62.079471588134766,7992600
2023-12-21,64.4000015258789,65.20999908447266,63.599998474121094,64.20999908447266,61.96366882324219,4637800
2023-12-22,64.3499984741211,65.0199966430664,64.16999816894531,64.51000213623047,62.253177642822266,3211100
2023-12-26,64.30999755859375,64.81999969482422,64.13999938964844,64.69999694824219,62.4365234375,3140200
2023-12-27,64.62999725341797,64.81999969482422,64.26000213623047,64.73999786376953,62.475120544433594,2580900
2023-12-28,64.6500015258789,65.08999633789062,64.6500015258789,64.97000122070312,62.697078704833984,2370500
2023-12-29,64.9000015258789,65.47000122070312,64.72000122070312,65.13999938964844,62.86112976074219,3808100
2024-01-02,65.0,66.93000030517578,65.0,66.75,64.41481018066406,5264000
2024-01-03,67.12000274658203,67.68000030517578,66.63999938964844,66.7300033569336,64.3955078125,5477700
2024-01-04,66.7300033569336,66.8499984741211,65.69999694824219,65.73999786376953,63.44014358520508,3888000
2024-01-05,65.69999694824219,65.9000015258789,64.31999969482422,64.98999786376953,62.71637725830078,4015100
2024-01-08,64.91999816894531,65.13999938964844,64.5199966430664,64.63999938964844,62.378623962402344,4030900
2024-01-09,64.04000091552734,64.7300033569336,63.560001373291016,64.37999725341797,62.700008392333984,4779100
2024-01-10,64.04000091552734,64.30000305175781,62.939998626708984,63.150001525878906,61.502113342285156,4566000
2024-01-11,63.06999969482422,63.43000030517578,62.619998931884766,63.060001373291016,61.414459228515625,5727100
2024-01-12,63.41999816894531,63.59000015258789,63.08000183105469,63.38999938964844,61.73584747314453,4299200
2024-01-16,63.59000015258789,63.939998626708984,62.7400016784668,62.83000183105469,61.190460205078125,4101700
2024-01-17,62.689998626708984,63.66999816894531,62.560001373291016,63.09000015258789,61.44367599487305,4829300
2024-01-18,62.720001220703125,63.33000183105469,62.38999938964844,63.310001373291016,61.657936096191406,3860600
2024-01-19,63.43000030517578,63.439998626708984,62.650001525878906,63.150001525878906,61.502113342285156,3765600
2024-01-22,63.029998779296875,63.45000076293945,62.4900016784668,63.18000030517578,61.53133010864258,4328400
2024-01-23,63.38999938964844,64.94999694824219,63.38999938964844,64.75,63.06035614013672,4433600
2024-01-24,64.6500015258789,64.68000030517578,63.599998474121094,63.63999938964844,61.97932052612305,3491500
2024-01-25,63.86000061035156,64.58000183105469,63.58000183105469,64.47000122070312,62.78766632080078,3071100
2024-01-26,64.77999877929688,64.87999725341797,64.38999938964844,64.51000213623047,62.82662582397461,2821300
2024-01-29,64.61000061035156,64.76000213623047,64.1500015258789,64.26000213623047,62.58314895629883,3226500
2024-01-30,64.37999725341797,65.38999938964844,64.30000305175781,65.3499984741211,63.64470291137695,3020900
2024-01-31,65.44000244140625,65.91999816894531,64.81999969482422,64.91000366210938,63.216190338134766,4579600
2024-02-01,64.63999938964844,65.4800033569336,63.93000030517578,64.83000183105469,63.13827133178711,3855500
2024-02-02,64.98999786376953,65.33000183105469,64.38999938964844,64.80000305175781,63.10905456542969,4383800
2024-02-05,64.55000305175781,64.75,63.52000045776367,63.529998779296875,61.872188568115234,3259500
2024-02-06,63.560001373291016,65.33999633789062,63.470001220703125,64.83000183105469,63.13827133178711,4652300
2024-02-07,65.01000213623047,65.16000366210938,63.630001068115234,63.709999084472656,62.0474967956543,3651200
2024-02-08,63.5,64.66999816894531,63.220001220703125,64.05999755859375,62.38835906982422,4001700
2024-02-09,63.79999923706055,63.91999816894531,62.09000015258789,62.34000015258789,60.71324920654297,4260400
2024-02-12,62.150001525878906,63.11000061035156,61.9900016784668,63.08000183105469,61.43394088745117,3399100
2024-02-13,63.2599983215332,63.720001220703125,62.38999938964844,62.93000030517578,61.2878532409668,3866000
2024-02-14,62.720001220703125,62.95000076293945,61.47999954223633,62.369998931884766,60.742462158203125,4176900
2024-02-15,62.65999984741211,63.43000030517578,62.54999923706055,63.290000915527344,61.63846206665039,3097500
2024-02-16,63.099998474121094,64.48999786376953,62.689998626708984,64.0999984741211,62.42731857299805,5854600
2024-02-20,64.69000244140625,66.0,64.25,65.77999877929688,64.06348419189453,5978400
2024-02-21,66.1500015258789,66.5199966430664,65.11000061035156,65.61000061035156,63.897918701171875,3738600
2024-02-22,64.9800033569336,65.18000030517578,63.709999084472656,65.06999969482422,63.37200927734375,3113500
2024-02-23,65.01000213623047,65.80000305175781,64.68000030517578,65.31999969482422,63.615482330322266,2248900
2024-02-26,65.27999877929688,65.55999755859375,64.98999786376953,65.0,63.3038330078125,3641500
2024-02-27,64.87999725341797,64.9800033569336,63.90999984741211,64.20999908447266,62.53445053100586,3119900
2024-02-28,64.44000244140625,64.51000213623047,63.88999938964844,64.30000305175781,62.62210464477539,2554100
2024-02-29,64.41000366210938,64.66999816894531,64.04000091552734,64.18000030517578,62.50523376464844,4187500
2024-03-01,64.19999694824219,64.38999938964844,63.43000030517578,63.939998626708984,62.2714958190918,3382200
2024-03-04,63.720001220703125,64.41000366210938,63.47999954223633,64.37000274658203,62.690277099609375,2996900
2024-03-05,64.55999755859375,65.19000244140625,64.30999755859375,64.47000122070312,62.78766632080078,4031600
2024-03-06,64.80000305175781,65.27999877929688,64.58000183105469,65.23999786376953,63.53757095336914,4287200
2024-03-07,65.23999786376953,65.3499984741211,63.63999938964844,64.27999877929688,62.60261917114258,3963800
2024-03-08,64.06999969482422,65.41000366210938,63.810001373291016,65.26000213623047,63.55704879760742,4421200
2024-03-11,65.5,66.45999908447266,65.47000122070312,65.66000366210938,63.94661331176758,3350700
2024-03-12,65.37000274658203,66.12999725341797,65.29000091552734,65.72000122070312,64.00505065917969,3080400
2024-03-13,66.12999725341797,66.36000061035156,65.7699966430664,66.02999877929688,64.30695343017578,4530200
2024-03-14,65.69000244140625,66.11000061035156,65.18000030517578,65.55000305175781,63.83949279785156,4996100
2024-03-15,65.30999755859375,66.8499984741211,65.18000030517578,66.76000213623047,65.01790618896484,7997000
2024-03-18,66.70999908447266,68.1500015258789,66.63999938964844,67.73999786376953,65.97233581542969,7284600
2024-03-19,68.0999984741211,68.80999755859375,67.83000183105469,68.62999725341797,66.839111328125,6426000
2024-03-20,73.95999908447266,74.44999694824219,68.58000183105469,69.43000030517578,67.61823272705078,8887600
2024-03-21,69.45999908447266,69.45999908447266,68.13999938964844,68.76000213623047,66.96571350097656,5036700
2024-03-22,68.94999694824219,69.76000213623047,68.7699966430664,69.0999984741211,67.29684448242188,5731700
2024-03-25,69.4000015258789,69.63999938964844,68.69999694824219,69.13999938964844,67.33580780029297,3955300
2024-03-26,69.2300033569336,69.27999877929688,68.33999633789062,68.33999633789062,66.55667114257812,5288900
2024-03-27,68.47000122070312,69.72000122070312,68.47000122070312,69.66000366210938,67.84223175048828,5332200
2024-03-28,69.86000061035156,70.66000366210938,69.81999969482422,69.97000122070312,68.14414978027344,5995300
2024-04-01,70.16000366210938,70.27999877929688,69.5999984741211,70.12999725341797,68.29996490478516,3204300
2024-04-02,70.26000213623047,70.61000061035156,69.91000366210938,70.55999755859375,68.71875,3797000
2024-04-03,70.33999633789062,70.47000122070312,68.97000122070312,68.98999786376953,67.18971252441406,4382900
2024-04-04,69.37999725341797,70.52999877929688,68.91999816894531,70.37999725341797,68.54344177246094,4332100
2024-04-05,70.19000244140625,70.52999877929688,69.44999694824219,69.79000091552734,67.96884155273438,3630000
2024-04-08,69.79000091552734,70.4800033569336,69.56999969482422,70.0,68.17337036132812,4021100
2024-04-09,69.41999816894531,70.20999908447266,69.13999938964844,70.18000030517578,68.92964172363281,4424900
2024-04-10,69.94999694824219,70.2300033569336,68.30999755859375,68.8499984741211,67.62333679199219,4435000
2024-04-11,69.05000305175781,69.2699966430664,66.98999786376953,67.0,65.8062973022461,4935200
2024-04-12,67.16000366210938,67.16000366210938,66.11000061035156,66.19999694824219,65.02054595947266,3371900
2024-04-15,66.43000030517578,67.5,66.30000305175781,67.31999969482422,66.12059783935547,4510300
2024-04-16,67.51000213623047,68.01000213623047,67.30999755859375,67.83999633789062,66.63133239746094,4205200
2024-04-17,68.22000122070312,68.80000305175781,68.08000183105469,68.51000213623047,67.28939819335938,3664800
2024-04-18,69.0,69.26000213623047,68.56999969482422,69.08999633789062,67.85906219482422,3620400
2024-04-19,69.20999908447266,70.6500015258789,69.08000183105469,70.41999816894531,69.16535949707031,3992200
2024-04-22,70.61000061035156,71.37999725341797,70.4000015258789,71.16999816894531,69.9020004272461,3637500
2024-04-23,71.06999969482422,71.55000305175781,70.63999938964844,70.81999969482422,69.55824279785156,3690600
2024-04-24,70.16000366210938,71.87000274658203,69.94999694824219,71.61000061035156,70.33416748046875,4446100
2024-04-25,71.86000061035156,72.31999969482422,71.11000061035156,71.37999725341797,70.10826110839844,2875200
2024-04-26,71.01000213623047,72.12999725341797,70.80999755859375,70.83000183105469,69.56806182861328,4170400
2024-04-29,70.87000274658203,71.19000244140625,69.91999816894531,70.2300033569336,68.978759765625,4179100
2024-04-30,70.08000183105469,70.52999877929688,69.83000183105469,70.45999908447266,69.20465087890625,3121600
2024-05-01,70.31999969482422,70.47000122070312,69.45999908447266,69.98999786376953,68.74302673339844,3396800
2024-05-02,70.4000015258789,70.86000061035156,70.33000183105469,70.6500015258789,69.39126586914062,3071000
2024-05-03,70.52999877929688,70.56999969482422,69.43000030517578,69.91000366210938,68.66445922851562,3444200
2024-05-06,70.0199966430664,70.22000122070312,68.86000061035156,69.13999938964844,67.90817260742188,3602100
2024-05-07,69.58000183105469,70.05999755859375,69.37999725341797,69.91000366210938,68.66445922851562,2453800
2024-05-08,70.08000183105469,70.2699966430664,69.48999786376953,69.52999877929688,68.29122161865234,2494500
2024-05-09,69.43000030517578,70.2699966430664,68.8499984741211,70.26000213623047,69.00821685791016,2397400
2024-05-10,70.23999786376953,70.86000061035156,69.94999694824219,70.69999694824219,69.44037628173828,2398700
2024-05-13,70.75,71.1500015258789,70.4000015258789,70.63999938964844,69.3814468383789,2897000
2024-05-14,70.68000030517578,71.0,70.37000274658203,70.8499984741211,69.58769989013672,3237300
2024-05-15,70.98999786376953,71.01000213623047,69.6500015258789,69.83000183105469,68.58587646484375,3847200
2024-05-16,69.91999816894531,71.48999786376953,69.8499984741211,71.4000015258789,70.1279067993164,2481000
2024-05-17,71.44999694824219,71.5199966430664,70.79000091552734,71.23999786376953,69.97075653076172,2753000
2024-05-20,71.26000213623047,71.44000244140625,70.44000244140625,71.43000030517578,70.1573715209961,2280200
2024-05-21,71.66999816894531,71.69999694824219,70.4800033569336,70.62999725341797,69.37162017822266,2541100
2024-05-22,70.37999725341797,70.44999694824219,69.66999816894531,70.3499984741211,69.09661102294922,3409900
2024-05-23,70.01000213623047,70.01000213623047,68.8499984741211,69.08999633789062,67.85906219482422,3083400
2024-05-24,69.29000091552734,69.41999816894531,68.19999694824219,68.30000305175781,67.08314514160156,3195900
2024-05-28,67.72000122070312,67.98999786376953,66.12999725341797,66.68000030517578,65.49200439453125,6350900
2024-05-29,66.61000061035156,67.26000213623047,65.83000183105469,66.48999786376953,65.30538177490234,6099800
2024-05-30,66.66999816894531,67.44999694824219,66.5999984741211,66.6500015258789,65.46253204345703,3679500
2024-05-31,66.6500015258789,68.80999755859375,66.6500015258789,68.75,67.5251235961914,7500900
2024-06-03,68.69000244140625,69.20999908447266,67.66999816894531,67.75,66.54293823242188,4232600
2024-06-04,67.8499984741211,68.2699966430664,67.16000366210938,68.13999938964844,66.92598724365234,2512000
2024-06-05,67.80000305175781,68.11000061035156,66.7699966430664,67.45999908447266,66.25810241699219,3294200
2024-06-06,67.45999908447266,67.80999755859375,66.80000305175781,67.38999938964844,66.1893539428711,2805100
2024-06-07,67.30000305175781,68.02999877929688,67.26000213623047,67.45999908447266,66.25810241699219,3373900
2024-06-10,67.26000213623047,67.45999908447266,66.12000274658203,66.9000015258789,65.70808410644531,4002700
2024-06-11,66.70999908447266,67.29000091552734,66.41999816894531,66.9800033569336,65.78665924072266,2999600
2024-06-12,66.66000366210938,66.91999816894531,65.23999786376953,65.29000091552734,64.12676239013672,4019100
2024-06-13,65.19000244140625,66.05000305175781,65.06999969482422,65.61000061035156,64.4410629272461,3639700
2024-06-14,65.66999816894531,66.23999786376953,65.4800033569336,65.5,64.33302307128906,2904100
2024-06-17,65.16999816894531,66.30000305175781,64.91000366210938,66.29000091552734,65.10894775390625,2964900
2024-06-18,65.9800033569336,66.86000061035156,65.94000244140625,66.66000366210938,65.47235870361328,4662800
2024-06-20,66.43000030517578,67.33999633789062,66.37000274658203,66.69000244140625,65.50182342529297,4989800
2024-06-21,66.94000244140625,67.80000305175781,66.7300033569336,67.08000183105469,65.88487243652344,6390800
2024-06-24,67.30999755859375,68.44000244140625,67.19999694824219,68.06999969482422,66.85723876953125,6248800
2024-06-25,67.70999908447266,68.44000244140625,67.0999984741211,67.26000213623047,66.0616683959961,6579200
2024-06-26,62.40999984741211,64.73999786376953,62.029998779296875,64.16999816894531,63.02671813964844,9908900
2024-06-27,64.4800033569336,64.8499984741211,63.36000061035156,63.709999084472656,62.574913024902344,6436900
2024-06-28,63.54999923706055,63.84000015258789,63.08000183105469,63.2599983215332,62.132930755615234,13274300
2024-07-01,63.43000030517578,64.2300033569336,63.209999084472656,63.29999923706055,62.172218322753906,3250500
2024-07-02,63.150001525878906,63.560001373291016,62.900001525878906,63.16999816894531,62.044532775878906,2949500
2024-07-03,63.0099983215332,63.2599983215332,62.7599983215332,63.08000183105469,61.95614242553711,2521800
2024-07-05,62.93000030517578,63.18000030517578,62.619998931884766,62.880001068115234,61.759700775146484,2671200
2024-07-08,63.099998474121094,63.33000183105469,62.4900016784668,62.5,61.386474609375,2932800
2024-07-09,62.459999084472656,63.08000183105469,62.119998931884766,62.689998626708984,61.57308578491211,3826100
2024-07-10,62.290000915527344,62.86000061035156,62.220001220703125,62.65999984741211,62.13833999633789,3106100
2024-07-11,62.619998931884766,63.75,62.349998474121094,63.16999816894531,62.64409255981445,3377200
2024-07-12,63.52000045776367,64.05000305175781,62.97999954223633,63.029998779296875,62.5052604675293,3367700
2024-07-15,63.16999816894531,63.33000183105469,62.7400016784668,62.86000061035156,62.33667755126953,3720000
2024-07-16,62.650001525878906,63.040000915527344,62.290000915527344,62.900001525878906,62.376346588134766,3960500
2024-07-17,63.529998779296875,65.66000366210938,63.41999816894531,65.33999633789062,64.79602813720703,4090500
2024-07-18,64.69000244140625,66.80999755859375,64.6500015258789,65.5199966430664,64.97452545166016,2989000
2024-07-19,65.56999969482422,65.72000122070312,64.16000366210938,64.37999725341797,63.84402084350586,2361300
2024-07-22,64.48999786376953,65.18000030517578,64.22000122070312,64.5999984741211,64.06218719482422,2778300
2024-07-23,64.55999755859375,64.63999938964844,63.560001373291016,63.9900016784668,63.457271575927734,2662100
2024-07-24,64.26000213623047,65.91999816894531,63.68000030517578,65.51000213623047,64.96461486816406,3621600
2024-07-25,65.62999725341797,67.25,65.47000122070312,65.83000183105469,65.28195190429688,4020700
2024-07-26,65.5999984741211,66.63999938964844,65.5999984741211,66.31999969482422,65.76786804199219,2548100
2024-07-29,66.16999816894531,67.26000213623047,65.55999755859375,66.9800033569336,66.42237854003906,3135600
2024-07-30,66.44999694824219,68.13999938964844,66.44999694824219,68.05000305175781,67.48347473144531,3530800
2024-07-31,67.69000244140625,68.19000244140625,67.12000274658203,67.13999938964844,66.58104705810547,6477100
2024-08-01,67.0,67.87999725341797,66.44000244140625,67.66999816894531,67.10662841796875,4512500
2024-08-02,68.43000030517578,69.41999816894531,67.62999725341797,69.27999877929688,68.7032241821289,5271500
2024-08-05,70.01000213623047,70.83000183105469,67.61000061035156,68.27999877929688,67.71155548095703,3922900
2024-08-06,68.27999877929688,69.36000061035156,67.87999725341797,67.93000030517578,67.36447143554688,3475500
2024-08-07,67.81999969482422,69.23999786376953,67.66000366210938,68.8499984741211,68.27680969238281,2905300
2024-08-08,68.33999633789062,69.83000183105469,68.16000366210938,69.04000091552734,68.46522521972656,2441000
2024-08-09,68.83000183105469,69.20999908447266,68.45999908447266,69.12000274658203,68.54456329345703,1999400
2024-08-12,69.44999694824219,69.5,66.0,68.30000305175781,67.73139190673828,2099200
2024-08-13,68.37000274658203,69.33999633789062,68.22000122070312,69.19999694824219,68.62389373779297,2583800
2024-08-14,69.20999908447266,71.08000183105469,69.20999908447266,70.4000015258789,69.81390380859375,3857200
2024-08-15,70.76000213623047,70.77999877929688,68.69000244140625,68.75,68.17764282226562,3912400
2024-08-16,68.75,69.19000244140625,68.61000061035156,69.02999877929688,68.45530700683594,2320900
2024-08-19,69.1500015258789,70.01000213623047,69.05999755859375,69.81999969482422,69.23873138427734,4181200
2024-08-20,69.81999969482422,70.1500015258789,69.44999694824219,69.94999694824219,69.36764526367188,2962100
2024-08-21,70.12999725341797,70.87000274658203,69.9800033569336,70.62999725341797,70.04198455810547,2963900
2024-08-22,70.94999694824219,71.0,70.31999969482422,70.66999816894531,70.08165740966797,1823600
2024-08-23,70.69000244140625,70.91999816894531,70.30999755859375,70.83000183105469,70.24032592773438,1957300
2024-08-26,70.72000122070312,71.55999755859375,70.66999816894531,70.98999786376953,70.39898681640625,1839300
2024-08-27,71.12000274658203,71.4000015258789,70.73999786376953,71.02999877929688,70.43865966796875,1930200
2024-08-28,70.98999786376953,71.9800033569336,70.58999633789062,71.55999755859375,70.96424865722656,2687800
2024-08-29,71.62000274658203,71.6500015258789,70.72000122070312,71.36000061035156,70.76591491699219,3121600
2024-08-30,71.25,72.43000030517578,71.25,72.29000091552734,71.68817138671875,3645800
2024-09-03,72.30000305175781,72.8499984741211,71.52999877929688,72.62999725341797,72.02533721923828,4443300
2024-09-04,72.6500015258789,73.7699966430664,72.5999984741211,73.58000183105469,72.9674301147461,2895200
2024-09-05,73.87000274658203,74.83000183105469,73.77999877929688,74.51000213623047,73.88968658447266,4468600
2024-09-06,74.5999984741211,75.54000091552734,74.43000030517578,75.05999755859375,74.43510437011719,4057800
2024-09-09,75.05999755859375,75.45999908447266,74.5199966430664,75.1500015258789,74.52436065673828,3637400
2024-09-10,75.1500015258789,75.9000015258789,74.66999816894531,74.83000183105469,74.20702362060547,3270800
2024-09-11,74.52999877929688,74.66000366210938,72.55000305175781,73.12000274658203,72.51126098632812,3739100
2024-09-12,72.80000305175781,73.12999725341797,72.06999969482422,73.01000213623047,72.40217590332031,3810300
2024-09-13,73.05000305175781,73.88999938964844,72.70999908447266,73.70999908447266,73.09634399414062,3010300
2024-09-16,74.58999633789062,75.48999786376953,74.55000305175781,74.62999725341797,74.0086898803711,3324600
2024-09-17,74.33000183105469,75.26000213623047,74.19999694824219,74.5,73.87976837158203,4513600
2024-09-18,72.25,75.66000366210938,72.19999694824219,75.01000213623047,74.38552856445312,8032700
2024-09-19,74.62000274658203,75.0,73.87999725341797,74.9000015258789,74.27644348144531,4162700
2024-09-20,75.16999816894531,75.33000183105469,74.25,74.51000213623047,73.88968658447266,9129800
2024-09-23,74.20999908447266,74.55999755859375,73.52999877929688,74.19000244140625,73.57235717773438,3487400
2024-09-24,74.02999877929688,74.9000015258789,73.51000213623047,73.7699966430664,73.15584564208984,2720200
2024-09-25,74.06999969482422,74.36000061035156,73.48999786376953,73.76000213623047,73.14593505859375,2782900
2024-09-26,73.33999633789062,74.4000015258789,73.2699966430664,73.98999786376953,73.37401580810547,2896200
2024-09-27,74.12999725341797,74.9800033569336,74.05999755859375,74.37999725341797,73.7607650756836,2960500
